1.002388266950974716e+00 1.119491735121385556e+00 8.941073895038321728e-01 9.127024414604347768e-01 9.543481191957086107e-01 1.064140971764715671e+00 1.080048041228070410e+00 1.210838259588109755e+00 1.263542503506046799e+00 9.056340635631051628e-01 9.990553909626884721e-01
1.015303246562152983e+00 1.146318150860771157e+00 1.068607845575600068e+00 8.952427509822618035e-01 8.122998087634034636e-01 1.106782626667396574e+00 1.033279049601867561e+00 1.179938736663431520e+00 8.433991160981654245e-01 9.598428014927342655e-01 9.967925409544154958e-01
9.934987170306318616e-01 1.271609658457662828e+00 9.919172737819602625e-01 1.083493811904435278e+00 8.312111784444846663e-01 9.083208942912230910e-01 9.535332394362033837e-01 9.595722389007645958e-01 1.212168727787581890e+00 6.934610335823290228e-01 1.002227175369253542e+00
1.003194655566088445e+00 8.956291291333466908e-01 9.708939195032861846e-01 1.239210683525849843e+00 1.138255642204817120e+00 9.872373158446429153e-01 9.258084204144568785e-01 1.031933451882324881e+00 9.834657110911300126e-01 5.932882662105777305e-01 1.002307268121277017e+00
1.003356490469356155e+00 9.106282506851667291e-01 9.334382903012824473e-01 1.044810149623667250e+00 1.089462463910314538e+00 9.681715494733500460e-01 9.228998374066170740e-01 8.609061952118809424e-01 7.232132824075498956e-01 8.155718544855962149e-01 9.912633513133038976e-01
1.001199475771016312e+00 8.340821191931592216e-01 9.867184382370417506e-01 9.932364997295524134e-01 1.119933248894799060e+00 8.810285321748931864e-01 8.073004210528357261e-01 8.962848496023793077e-01 9.455512766036185957e-01 7.785287404999478023e-01 9.935194724261071642e-01
1.002062909860732987e+00 8.751744773414618095e-01 1.015262641220895601e+00 1.001418074743402054e+00 1.084742786540941584e+00 9.838765899243773205e-01 9.712249455651978947e-01 1.053873321891702464e+00 9.793412625939686977e-01 7.965295070517045550e-01 9.963560751084491462e-01
1.013051111736823273e+00 7.390646222956132050e-01 1.050082749494290812e+00 1.065771545059275738e+00 1.104964574858200432e+00 9.730935248376870739e-01 9.017710787265733607e-01 1.120246204266159618e+00 1.040084801755290611e+00 1.167739229316195892e+00 1.015079515948295485e+00
9.996961870666259964e-01 1.232313816809261775e+00 9.879210352426822661e-01 1.002550009819230814e+00 7.196934051277917854e-01 9.995920359666031763e-01 1.092121780136160458e+00 1.025537870719330780e+00 1.149923728783564636e+00 1.109427285519219097e+00 9.944987825090768618e-01
1.005212825802249021e+00 1.024907938767403826e+00 1.030655318557134992e+00 9.136546863413140818e-01 1.130048417819509154e+00 1.014730609115452431e+00 1.010172573041901334e+00 1.275940636455105137e+00 8.597196815916513524e-01 7.025288942529548386e-01 9.892884099552522459e-01
1.002343924118753726e+00 9.601806972241802018e-01 1.016255690359752828e+00 8.542605905778177799e-01 1.112922003713374464e+00 9.187497894649092611e-01 1.044072064207110406e+00 1.102437971724206323e+00 8.487176034044042749e-01 1.070305632582403188e+00 9.935728490664690327e-01
1.013415924160269821e+00 1.151178638266970866e+00 1.033323809785281266e+00 9.260161130588033807e-01 9.260984553630884353e-01 9.363975789824784401e-01 9.567945725620590203e-01 1.197279696767064472e+00 1.110444505169969176e+00 8.894228640055596991e-01 1.004929727333573330e+00
1.000816091869318525e+00 9.755181538582241574e-01 9.995167232669337487e-01 9.358705187668600045e-01 1.002330755627885317e+00 7.201233122244001805e-01 1.019840836259442662e+00 8.759863950957960110e-01 7.395335256258158685e-01 8.516846779666715772e-01 9.992328019940410755e-01
9.904282360604516056e-01 1.017317278968863814e+00 1.070630985398196788e+00 9.841576476593599798e-01 8.273195308374249324e-01 9.733552633246104202e-01 1.060405858941299906e+00 1.156457607299778978e+00 1.086091664596659179e+00 1.027578085530124641e+00 9.986910967703642727e-01
1.014644002580101789e+00 1.010443067964554853e+00 9.366841167969351956e-01 1.127909431156945530e+00 9.346355080724975117e-01 1.078685772528314102e+00 1.056271889464242442e+00 9.547652673793751710e-01 9.867793368388929620e-01 8.641716680538400475e-01 9.923785453799719436e-01
9.903680928274859463e-01 9.152940353749593472e-01 1.001944554774888640e+00 8.705059765360968482e-01 1.237145385600396219e+00 9.157584651398099629e-01 9.181666355349311637e-01 9.014707174009072288e-01 9.005322212926254455e-01 9.364338274036713150e-01 1.009260807174445995e+00
9.945230658722002959e-01 1.105726499533832285e+00 1.061197779810485020e+00 9.725931471486966018e-01 1.118344195509159533e+00 9.106881137864870635e-01 1.066671062291611349e+00 9.175449352968815253e-01 9.718354804262165914e-01 1.056598305151524864e+00 1.005112094245723897e+00
1.020980912991866996e+00 8.531442224590257695e-01 1.031099301721692729e+00 9.936962317703204040e-01 8.442176776719986231e-01 9.600125029527232234e-01 1.000062433814944640e+00 1.089672323445910695e+00 1.178999018643251961e+00 7.609528064770130218e-01 9.983810754867120663e-01
1.008046311015335705e+00 9.185303253665623169e-01 9.632147808751656548e-01 9.670162983979789795e-01 9.661683809584044047e-01 1.027945125106042967e+00 1.018822708349575112e+00 7.982159817652973999e-01 9.053266684031885392e-01 8.491027122520080628e-01 1.011129571518720072e+00
1.005868148254261518e+00 8.792045634239483709e-01 1.043312786795516978e+00 1.063449534114593753e+00 1.060573648764174592e+00 1.011650121975905758e+00 8.514425735044234278e-01 9.391838333186338650e-01 1.067159603415986258e+00 9.876600807467890153e-01 1.005712604192771531e+00
1.009281466314291054e+00 9.356054076277802167e-01 9.148369014082160522e-01 7.764841540607702042e-01 1.098648544527891735e+00 9.659710101928477011e-01 1.006516209270521545e+00 1.033559371185177156e+00 1.159901445324284186e+00 9.621167901675646839e-01 9.879012654821370809e-01
1.003039870900560349e+00 9.078854144110253266e-01 9.179402038800398289e-01 9.480215951490905679e-01 9.670439301556470468e-01 1.033850770742603453e+00 9.860320232775214855e-01 1.116808375432428946e+00 1.239241500895731374e+00 9.292803705411831761e-01 1.002040824247804496e+00
1.008885916384534953e+00 1.097173817972194598e+00 9.854379930750672978e-01 1.062813604930590516e+00 8.567176324281626787e-01 1.056608209176921997e+00 1.124513650045908086e+00 9.745068195027285496e-01 5.192383318696216499e-01 1.245231770464746424e+00 1.001002879740457097e+00
1.006079824032132475e+00 9.310769185132361514e-01 9.586413561332223221e-01 1.085736364559228617e+00 1.160081054447795079e+00 9.612190105845992427e-01 1.051373041836774380e+00 8.862550312616410686e-01 1.083973871449795290e+00 7.811975117322653706e-01 9.939298819835137300e-01
9.932695038009904387e-01 1.016071574721516102e+00 1.008581825197109927e+00 1.038732083191702182e+00 9.084221312790990988e-01 1.017247951331097688e+00 1.049920493317961334e+00 1.015205607270240451e+00 1.150617003091595869e+00 9.316429677620219341e-01 1.010636587012656573e+00
9.978344803396975715e-01 9.632380699801013080e-01 1.007744153207297932e+00 9.563997766660486954e-01 1.130818561056666338e+00 1.117440328174409636e+00 1.023210010673734960e+00 9.834250412712539635e-01 1.083227941942202399e+00 6.349131646515049354e-01 9.854154198523275010e-01
1.009034971041315121e+00 6.425658295449516721e-01 9.490364359572951436e-01 1.204482141661665562e+00 8.818978795446050789e-01 1.019057529759563652e+00 9.192831872642421853e-01 9.053749058721451970e-01 8.452606510157931741e-01 8.780707483811953651e-01 1.005983868511409751e+00
1.008423036835577546e+00 1.199228506705326103e+00 9.470890201175165002e-01 1.008723825227848758e+00 8.664595165339056271e-01 8.463544801081294144e-01 9.912012684977737909e-01 1.103307426338758779e+00 1.108459691632907473e+00 1.041798230887070797e+00 1.002773976646235798e+00
1.010256894328971811e+00 1.157408273129886922e+00 9.934811721198167911e-01 1.095316853182513483e+00 9.530858999374910434e-01 1.070929700998083822e+00 9.657827850609042031e-01 1.117556512203668362e+00 9.776256651260383235e-01 1.220898264206625283e+00 1.011569460360528749e+00
1.003686788176444411e+00 1.019172474234208536e+00 9.363283039602376956e-01 9.412759630418220391e-01 9.650107273646301165e-01 9.427378454234982552e-01 1.095965613214334944e+00 8.564271311874528392e-01 9.852914006922924850e-01 6.540114900864739678e-01 1.008158674550561740e+00
9.816226511836951829e-01 1.230891354931598070e+00 9.764998777730925505e-01 9.316358633818316859e-01 9.284507391232953433e-01 1.048387050709365997e+00 9.186276639309489678e-01 1.068849644040346547e+00 7.666192023024526181e-01 9.124155885356134421e-01 1.009872109211875424e+00
1.002821127373682675e+00 1.189893552669266885e+00 1.027125546996702887e+00 1.087386930830972709e+00 8.894529143543774552e-01 1.066139402659749713e+00 1.082473901963162177e+00 9.928269045047863894e-01 1.445931805192992581e+00 9.793929901005644645e-01 9.963948010029392011e-01
9.800456139081179519e-01 9.044019184339592288e-01 1.019655015412045174e+00 9.028876357818625964e-01 9.319283457585957331e-01 1.011338326127752874e+00 9.973740874540966139e-01 9.519447465628004812e-01 7.585149931908388155e-01 1.278445954484643377e+00 1.018021958294235363e+00
1.003792543920076996e+00 1.128062522530756562e+00 9.815252678241270790e-01 9.745026006803745311e-01 1.042494369563818024e+00 1.036216356034648456e+00 9.268319605437119746e-01 1.019983255718579729e+00 1.096284460422962237e+00 8.219303797009419599e-01 1.020501941319785999e+00
9.931658974799483230e-01 1.039737661946707137e+00 1.062516372220475791e+00 1.016651755614576436e+00 7.760118650155427567e-01 7.660971238599395550e-01 1.009644027919374132e+00 1.052364231617416213e+00 1.097060535584892582e+00 8.115164732900659317e-01 1.023525639957219013e+00
9.860047788740166075e-01 9.017160426770894910e-01 9.524237529057795193e-01 8.915875382865384724e-01 1.256308136351709237e+00 9.304978470226421550e-01 9.600341554775296826e-01 1.058830184648565487e+00 8.940921603360834080e-01 9.428123013399442032e-01 1.008832221584991640e+00
9.923531905483812254e-01 8.875186667786700845e-01 1.101798826720437718e+00 1.082590085958466064e+00 5.541536866035097209e-01 9.417903893247754343e-01 1.073530692669202091e+00 9.782885766524193061e-01 1.078086407047301964e+00 8.235761483294994356e-01 1.011323098253011032e+00
1.005061664265628929e+00 9.239593723207064624e-01 9.938464412294540917e-01 1.058235134190264271e+00 9.040811546405258525e-01 8.643543946395497724e-01 1.010738835574739314e+00 1.223809080112961301e+00 1.087238383228608773e+00 9.367368355227926324e-01 1.011862618582817008e+00
1.010135675211001338e+00 1.144505836899691209e+00 9.356380613165533600e-01 9.569544529169033975e-01 1.154788172263562673e+00 9.170704891734645647e-01 1.175911334718331647e+00 1.097015311310426622e+00 9.771512643344276716e-01 1.078991292883145992e+00 1.004276715924087515e+00
9.954177378129402953e-01 8.599293115188556547e-01 9.215207788785534371e-01 1.060403153587033520e+00 8.052470293037680138e-01 8.928114766109829237e-01 1.073955328941384790e+00 8.453740529998539088e-01 1.329935263192557837e+00 1.189165443174917680e+00 9.967757565848240908e-01
9.983971780130158624e-01 8.256791636979752269e-01 9.966824136441680970e-01 1.059476296310680077e+00 1.332811897838345860e+00 8.657842407808872265e-01 1.125398989924579762e+00 1.104345456461065966e+00 1.002500294368584344e+00 9.014429410320085045e-01 9.972878020205157013e-01
9.995433189515759986e-01 1.047339514210629430e+00 1.081694197321541484e+00 9.791232327436946159e-01 7.928162346944861438e-01 1.022905887749737008e+00 1.027452978964334074e+00 9.750525206700223491e-01 9.232831950799895715e-01 1.197450602026330913e+00 1.008353551979195295e+00
9.953518131798791968e-01 8.423727861984380283e-01 9.608681068684893356e-01 1.090102345110536941e+00 1.032342151392573681e+00 1.077052854973414187e+00 1.003430939802035793e+00 8.929059875610428909e-01 1.227534305039271079e+00 8.573170595474053357e-01 9.927068082209006272e-01
1.007135287476686125e+00 1.025589945289448357e+00 1.016329801016212064e+00 1.002160672509823547e+00 1.047979538216133433e+00 1.122047247956363680e+00 1.093392077152703479e+00 9.351392562252287544e-01 1.182070670895401632e+00 1.140712684951331379e+00 1.010831299926809868e+00
1.001732693786708817e+00 9.994474933803966232e-01 1.085932574024752961e+00 9.340149924334295584e-01 1.020816918071406398e+00 8.910336472076960668e-01 9.509722816281496183e-01 1.142644727189911169e+00 1.101944286522112737e+00 1.106018284478203606e+00 9.993905883558036329e-01
1.009891246857510971e+00 7.967789916135549211e-01 9.419693457375344359e-01 8.224514715357748029e-01 1.283173255894771936e+00 1.047658596280318655e+00 9.698747892715926522e-01 1.070848183024485145e+00 1.161480317603577062e+00 1.005962544518197443e+00 9.943269584725275001e-01
1.001505940794107152e+00 1.080612003587857917e+00 1.056190707506449389e+00 1.194204183886612647e+00 1.230133827610826458e+00 1.028352526095179353e+00 9.787475719469171942e-01 9.297314367943820823e-01 1.232724644290875249e+00 7.636696125513406930e-01 1.003811642171327456e+00
1.014264616241963735e+00 8.134083350720724415e-01 1.007969389418220896e+00 1.193831878733263130e+00 7.845031206952491898e-01 8.780024838999710424e-01 1.020197878224136767e+00 9.426028089066308402e-01 1.069661012833855507e+00 1.206396084650844580e+00 1.006640620784666540e+00
9.996536844303870462e-01 1.045167138836459397e+00 9.807077422476635498e-01 8.820419294534531662e-01 8.428739154620934482e-01 1.068331514330504106e+00 1.092664756961734485e+00 9.908686663907670944e-01 1.007694150650911835e+00 9.522182626240042191e-01 1.023338249995058957e+00
9.950262851260439634e-01 1.005289926892699137e+00 1.051911844592949841e+00 9.465271726836849142e-01 8.958813932017206660e-01 9.678121711050859943e-01 9.722775116205369939e-01 1.113406221359848125e+00 9.757985802811841580e-01 8.546863894341136803e-01 1.002937845032918940e+00
9.939343449371452754e-01 1.002686636689023247e+00 1.014270702670063473e+00 1.094173472757018484e+00 1.255261109554231647e+00 9.699148622919112617e-01 1.010893652886176719e+00 1.030534387064668600e+00 1.018052658612148109e+00 9.968637714082477785e-01 1.014335487666683466e+00
9.976266420416224356e-01 1.115865917670174845e+00 9.651724043066167713e-01 9.498049628397686739e-01 1.272587788933583708e+00 1.149661240017467723e+00 9.441695862831002151e-01 1.169695651861424102e+00 1.299225992116325390e+00 8.652676680899936690e-01 9.883255330164220087e-01
9.984916682811256772e-01 7.113781953754048093e-01 9.665492391313323939e-01 9.678746756813304541e-01 7.299917734435552585e-01 9.341976187941229970e-01 9.368142256121537725e-01 9.881381649057440208e-01 1.110822953601336316e+00 8.978159986333997811e-01 1.001746668139750440e+00
9.779506418338117513e-01 8.953940152518731210e-01 1.036279924582459211e+00 9.863161609225804538e-01 1.294038551234421686e+00 9.903806026125724360e-01 1.047021870075983241e+00 1.105712947761599674e+00 8.705740672965069926e-01 9.382056775027051154e-01 1.012075649081688233e+00
1.018815819304838666e+00 1.163099212405742211e+00 8.875564839235603465e-01 9.823024240263596996e-01 1.048968522190738772e+00 1.059732252806993680e+00 1.060347457350457656e+00 7.119473382397307759e-01 1.466920103317097102e+00 1.133730657082333781e+00 9.939747151695244032e-01
9.992023250911343801e-01 8.486776590185125535e-01 1.098352613682308077e+00 1.030065427789857546e+00 1.006327541993961017e+00 1.024150387489162428e+00 9.337791656011841246e-01 9.700260762178580798e-01 1.157407359421974036e+00 9.936974065348432861e-01 1.001291774608788820e+00
1.005150680972313193e+00 1.215461167990362190e+00 1.111444118646504053e+00 9.391369852042049660e-01 1.181397917985323343e+00 8.800065654073181420e-01 9.344377613150087747e-01 9.372183892825235452e-01 9.629041448685025095e-01 1.035438179989811580e+00 9.934696269885605613e-01
9.898529955070837216e-01 9.735563266231631596e-01 1.056212746730427199e+00 9.610021583053089955e-01 1.203075915351990322e+00 1.041274666057038889e+00 1.148295510085993065e+00 9.404115905211871684e-01 8.720322622082834485e-01 1.232229577344519322e+00 9.903728166705134672e-01
9.959022936433918893e-01 9.481132363933253426e-01 9.811934450787778150e-01 1.132529443346634412e+00 1.115360916585637074e+00 8.887583872984026190e-01 9.899498734041567438e-01 1.087345522478748272e+00 1.033156898619306485e+00 1.112132327454582459e+00 9.981638344458252377e-01
1.013502667320693273e+00 1.134579146243663184e+00 1.010142043728315953e+00 1.043608678932790523e+00 1.200512588737832065e+00 9.717826688552528847e-01 1.016390100540003116e+00 1.011572409917066206e+00 7.790018330329779861e-01 1.224882900335682256e+00 1.006720901079826591e+00
9.985616370440540956e-01 1.286295406935468399e+00 9.299180451092576849e-01 1.053647016682097703e+00 9.745454477054871223e-01 9.900567706026059955e-01 1.035388913648482401e+00 8.539452552943991304e-01 9.219469202566216159e-01 1.126596441178744801e+00 9.968646862595592628e-01
1.006737049889472546e+00 1.056137805068851465e+00 9.424015010905857359e-01 9.086472484596823662e-01 1.185150070540354594e+00 1.134864308302292457e+00 9.585903511850242253e-01 1.127654971516944826e+00 1.248634525236085979e+00 6.686564502900740337e-01 9.940826119192762711e-01
9.979004527400541225e-01 9.726175695160070855e-01 1.125737350564584016e+00 1.219592305449973324e+00 1.070222885002880542e+00 1.027698864853296312e+00 9.632804340328099402e-01 9.830941504549993715e-01 1.373651107981029851e+00 1.060918380895416124e+00 1.003560947339731335e+00
9.887575066506224530e-01 1.080760681258846612e+00 9.690808680788277618e-01 1.135392851751993559e+00 8.654267047353385589e-01 1.046745049862811250e+00 1.057610039827207249e+00 9.159471368998216567e-01 8.965309292609950909e-01 8.068154844715864638e-01 1.004062272228393837e+00
9.944382635546030746e-01 1.264297782917468860e+00 9.348850668499033567e-01 9.433935860489209846e-01 1.004172394886297504e+00 1.066738407678702316e+00 1.016917873833808272e+00 1.061586704377882606e+00 8.957500008399650326e-01 1.071360625559050650e+00 9.896216544079642352e-01
9.892131048633163726e-01 1.039140949680658288e+00 9.857545068994301163e-01 9.672040706710307578e-01 6.551752189251545122e-01 1.083175172834819344e+00 1.021768867067647246e+00 1.002478973518986294e+00 8.328641579083488899e-01 1.039800611612098136e+00 1.005656969042630244e+00
9.935247638163746675e-01 8.350522411384904142e-01 1.029217992943284976e+00 8.347189956041507486e-01 1.006973827061484528e+00 1.090897428402225255e+00 9.038320034384847990e-01 8.015767758954799316e-01 1.053572552130619844e+00 8.559663995293897987e-01 9.868174120628678825e-01
1.003077809534154596e+00 1.061644881294448561e+00 9.870551529399810287e-01 1.050613411484199400e+00 1.082259555624734748e+00 9.323150780717818220e-01 1.070527016334791748e+00 9.923295388968380593e-01 1.163088011787091869e+00 1.136498413870966173e+00 9.670161521523615855e-01
9.989076077151630706e-01 8.887762217039447687e-01 1.044925799272984124e+00 1.031000213448761693e+00 8.587281530586420297e-01 8.491477341090766240e-01 9.110108396589515767e-01 1.075689777275062875e+00 5.773940608806750197e-01 1.117797461514886681e+00 1.004557282379290761e+00
9.936998620821706485e-01 1.073083734358406094e+00 1.007003053400310266e+00 7.947945255560203703e-01 9.184135756327267419e-01 1.062647485069907694e+00 9.008913446867780062e-01 1.099613147247206824e+00 9.687476608235812137e-01 1.006749692522081130e+00 9.824919151013200569e-01
9.989783446526313559e-01 9.925133576618391240e-01 9.906708562717239097e-01 9.452459299217590427e-01 1.378333531620627550e+00 1.021656789108778440e+00 9.637920972920859253e-01 1.158615674976074983e+00 9.067385021874515560e-01 9.554829771377142400e-01 9.983483537986402867e-01
1.008971870547905825e+00 7.696628232806341785e-01 9.740580180193624260e-01 1.041363131680104415e+00 1.106209710837986693e+00 9.737908781691441140e-01 1.019178317287523949e+00 1.118187045318142614e+00 8.580078447080988768e-01 1.023095310618343357e+00 9.759601775322226391e-01
9.947781375881923349e-01 9.251681886288763978e-01 1.039565132424197458e+00 1.084203052068137385e+00 1.197346925080991831e+00 1.049458873288639182e+00 9.365545790257667758e-01 1.013750605819341732e+00 9.781987470521384953e-01 9.397462125837555691e-01 1.002527768918008322e+00
1.011968622201651069e+00 9.413383247176527746e-01 1.099690519223368801e+00 1.079974865177423027e+00 1.161975058385869009e+00 9.589047290549191915e-01 1.076279617818116652e+00 1.140328550767558013e+00 1.185344995058190243e+00 1.047861304428401308e+00 1.009985364313175760e+00
1.002494075876852131e+00 1.321677361117129745e+00 1.006484777774800721e+00 1.107600018373951389e+00 8.912745586705163037e-01 1.106529345385411256e+00 1.106199309341410641e+00 9.347104306751469194e-01 9.250331447210369262e-01 1.010080667986369418e+00 1.012807322443236124e+00
1.001349330040749885e+00 1.034413703394810202e+00 9.198415734457857651e-01 1.046504329115181431e+00 1.131567748569981324e+00 1.063651953725500920e+00 1.065156992415751569e+00 9.845921317869547051e-01 1.000967844647433491e+00 8.379305483834964541e-01 9.991231186761058147e-01
9.907630766703448000e-01 1.159103979692531317e+00 1.034906402542283610e+00 9.561341271207768333e-01 8.986865688653050688e-01 1.078893592623443531e+00 9.788627909240227298e-01 8.727827456129677586e-01 7.912991760785916817e-01 9.661405632103625685e-01 1.015423321875530194e+00
1.006058061754179001e+00 9.651186360577721501e-01 9.330141000809398788e-01 9.221089618434954449e-01 1.261836942842000875e+00 9.484715650760172645e-01 1.030938346837415809e+00 9.844364325942291938e-01 1.270943640208347158e+00 1.020927203040391529e+00 9.892276841451483893e-01
9.964854996674592513e-01 1.032484726255928464e+00 1.072039594118909367e+00 8.778703627278363619e-01 9.986451332505452694e-01 1.012366520803312353e+00 1.018396792901723025e+00 1.109181968475905222e+00 1.008742119882822141e+00 9.444459917494113510e-01 1.003975786634324185e+00
9.819445780580075001e-01 9.234425214129484694e-01 1.022254212909450288e+00 9.695288700668142079e-01 9.076856700443585169e-01 9.047308081122017454e-01 9.412883039281332298e-01 7.689346663811835736e-01 1.072278292952101530e+00 1.045958575410729230e+00 1.003733140407862878e+00
1.003641986788687879e+00 1.134146162795185209e+00 1.016657030608600465e+00 9.968004416467076689e-01 1.024281543544736550e+00 1.018693188974608921e+00 9.576790455816466263e-01 7.000080118977189958e-01 1.250655294990255850e+00 1.070079186623917877e+00 1.001544448287410072e+00
9.773894533200703227e-01 1.046046022680919618e+00 1.050776595703996730e+00 9.213924016714802878e-01 1.010535944563533794e+00 1.008675209456133315e+00 1.088774697381809986e+00 1.146747031979356457e+00 1.189068206142207762e+00 9.449517653382445426e-01 9.880086699835749497e-01
1.010544335419509610e+00 1.364399549269829093e+00 1.063729470595759841e+00 1.014104260160849869e+00 6.873120440238316142e-01 8.096179876319140600e-01 1.031249931179349044e+00 9.854701276159334444e-01 1.033870142698775085e+00 1.161560153748432134e+00 1.007941711159456855e+00
9.919111484446034854e-01 8.012119347151750448e-01 1.018472944516279899e+00 9.206622855043429254e-01 1.321539844208039050e+00 9.058643807507738011e-01 1.031870144356170860e+00 1.100692503896957275e+00 7.833109508104454388e-01 6.449514426471461004e-01 1.004492420886351267e+00
1.004728911789130041e+00 1.121986854221518337e+00 1.048633583118012913e+00 1.009472776574762420e+00 1.178399218212605515e+00 1.037375307025978355e+00 9.777438464142725882e-01 8.211092021248391770e-01 7.958679337708207679e-01 7.721355297129484097e-01 1.006570488915800254e+00
1.004015370675447549e+00 1.022293691164277263e+00 9.778439600319611680e-01 1.022484858628055937e+00 8.237894436471834281e-01 1.115853996175852458e+00 8.571260982580768406e-01 9.875195314358051757e-01 1.229724669018942507e+00 9.305844615823670729e-01 1.004874908279532519e+00
1.000261660531060359e+00 1.103352361660931535e+00 9.845715497909484082e-01 1.006523120196007870e+00 1.100675818748392931e+00 9.404994294244037878e-01 9.397790598813549057e-01 1.159181013232391866e+00 7.419395696517075978e-01 1.033851129348501097e+00 1.008558938464727994e+00
9.994330312513513004e-01 1.108503081320879824e+00 9.519243060692214042e-01 9.361045913657368711e-01 1.081290720747506207e+00 1.142828878707695228e+00 8.778528977523862853e-01 9.117037007688935102e-01 1.056714288560969273e+00 7.498745756758744552e-01 1.022689853894158896e+00
1.006810194239425194e+00 1.062307559319906947e+00 9.527852893814492408e-01 1.057892162129858038e+00 8.841347956436360622e-01 8.754156353505766486e-01 7.986652589607727837e-01 1.037747941476247382e+00 8.356381415816840352e-01 1.080022210871044441e+00 9.858642354270792385e-01
1.028736198482157693e+00 9.367326861799394333e-01 1.021779900977014544e+00 9.024273177196979745e-01 9.203067710977854698e-01 1.074194505377029207e+00 1.158298102670806351e+00 9.991951858767880168e-01 9.664339129643334525e-01 9.234675015507225471e-01 9.971876965842645379e-01
9.982414609020499041e-01 8.963401558229224797e-01 1.003888080348261491e+00 1.096958465087240375e+00 9.933368306576073614e-01 8.284247600054381877e-01 1.069957763019614205e+00 9.069367722929463360e-01 5.582349684596326078e-01 9.393102219852480506e-01 1.003016943356308310e+00
9.870808377390025701e-01 1.187456826189704273e+00 1.024606196487313658e+00 1.158384121484703266e+00 7.656953325349611372e-01 9.401200858519257464e-01 1.022945895132508776e+00 9.292485862228135884e-01 9.259448683019575466e-01 1.073650698289580818e+00 9.871617026687828922e-01
1.014980568349463041e+00 9.844568369462411983e-01 1.025478575205296838e+00 8.975101359627946085e-01 1.074348776351887746e+00 8.695884687429820126e-01 9.597321372910623261e-01 1.013942591868166376e+00 1.223982086095726007e+00 1.023571225228021575e+00 9.881845510472475613e-01
9.977440661832681634e-01 9.380081017031931534e-01 9.499769311245850334e-01 1.099379420294664067e+00 5.765641903910697641e-01 9.313518730504168897e-01 9.662389888781561798e-01 9.406692952626228843e-01 1.234209214553749101e+00 1.012245907424662139e+00 9.979039869342010149e-01
1.007841041622931977e+00 7.232678743696652202e-01 1.059346087470121933e+00 1.032004736891531493e+00 9.584422234478823244e-01 9.741530649212937210e-01 9.410265950456130346e-01 8.707322910203687538e-01 9.436324747798631174e-01 7.918814737629107370e-01 9.964901362644714711e-01
9.983288385987145741e-01 9.820153137591609571e-01 1.006697654400223962e+00 9.793918172391207211e-01 9.233004905962042264e-01 9.863640771665761475e-01 1.103725809041877559e+00 1.051433554783277824e+00 9.499611744081494225e-01 1.113606804926668969e+00 1.002457421888260702e+00
1.011493692123088373e+00 9.395889968162314254e-01 9.551179553308223324e-01 1.162454779201703703e+00 1.028240541327370083e+00 9.722785793651951280e-01 1.116529318968886519e+00 9.275051527017333930e-01 9.348645332719122125e-01 7.984520448578568130e-01 1.013802422636299605e+00
1.004252908949323952e+00 1.077389563715992482e+00 9.497394494299447043e-01 1.277383906391003965e+00 8.699177350952544963e-01 1.140205352475033518e+00 9.199019926141922543e-01 8.381097438484821360e-01 9.283409004907572371e-01 9.649056907286891471e-01 1.007054498039939849e+00
1.006988043840105540e+00 1.086893100491207020e+00 1.053017776318263099e+00 1.017106282100715964e+00 1.464606560603681107e+00 1.172707095484852635e+00 1.062627505859062405e+00 1.082683679743542626e+00 1.010542043975760418e+00 9.184478807871897521e-01 9.934070213227893520e-01
1.001412892916459407e+00 7.454078170457226760e-01 1.018140577587804296e+00 1.070741591104348078e+00 8.415784155605912087e-01 1.154944196737135442e+00 1.016997035190184029e+00 1.044693491911926397e+00 9.857720421139566369e-01 1.088448348935798116e+00 1.014171758127222933e+00
1.013616472646952982e+00 1.071747116120845167e+00 9.308039969195531782e-01 1.025567993667690248e+00 9.044657582957521536e-01 9.005644169426008094e-01 9.095991000126500969e-01 1.003470528836170717e+00 1.155195752732410597e+00 9.487249523730508782e-01 9.815113587359625136e-01
9.927610255819555585e-01 8.708229046736375434e-01 1.038765988542636798e+00 9.095537574745985454e-01 1.141939178497154206e+00 1.074861011317416182e+00 1.030133410593233600e+00 8.601108450411181217e-01 1.081937441880258977e+00 9.136198997291832269e-01 1.002587437022496086e+00
1.001288523837649658e+00 1.126286866902794337e+00 1.009263947972294240e+00 1.000010541691819910e+00 1.494128381848428111e+00 1.026671143270058151e+00 1.051150375204989329e+00 1.077412080047621457e+00 1.275703167916976355e+00 1.002978344732348148e+00 9.931332171235895956e-01
9.902854012781580062e-01 9.875144127131887384e-01 9.227860264254805767e-01 1.203212780656051972e+00 1.303233940665952328e+00 1.197615271823714744e+00 1.098529089996591157e+00 1.014263330908061533e+00 9.048652839952109339e-01 1.033213685896678058e+00 9.985813266834340229e-01
1.002715972407038025e+00 1.177969720693659905e+00 1.083677724459698455e+00 1.024935888768248260e+00 1.291836158009618929e+00 1.015005079808873667e+00 1.064657088683821806e+00 1.105527273196539539e+00 1.155588276685166615e+00 8.968483596244918310e-01 1.005996501643827035e+00
9.919668780784038908e-01 9.285340181572254714e-01 1.098091191704415603e+00 1.039945215065689377e+00 6.034857311263839286e-01 1.098574907334764372e+00 9.625073519674010036e-01 1.085484887110775176e+00 1.221325052901011565e+00 1.003673696803542459e+00 9.921460602524216910e-01
9.961959786224772184e-01 7.411286227876403565e-01 1.007782781926717774e+00 9.839776643928389577e-01 1.041326606255817078e+00 1.051340740741163682e+00 1.115776665432330672e+00 8.788019957247046321e-01 1.361205852905456037e+00 1.223069981870310352e+00 9.952470075233177393e-01
1.000118838877856797e+00 1.175089784286964978e+00 1.000098223636721295e+00 1.125654175317228667e+00 1.209322213519064881e+00 1.033343641427568738e+00 1.095786167964742042e+00 1.026829254524403545e+00 8.088437557708757497e-01 1.333774010680269129e+00 9.833017647124455696e-01
9.920554090641405809e-01 6.627658488719672114e-01 1.022567822072242949e+00 1.102001564647721032e+00 1.073131179882948816e+00 9.724980266515271810e-01 9.627102995162456489e-01 1.109362875226677314e+00 7.378057417369865423e-01 1.094424420248896634e+00 9.715851786494285047e-01
9.963751984246469462e-01 9.571015431712259769e-01 9.595125081292296132e-01 1.084853712229415512e+00 1.366653983199225486e+00 9.510510636587339306e-01 9.812630861679411121e-01 7.239384043655805456e-01 9.607893858185360125e-01 1.046255303709156426e+00 9.949770132266155809e-01
9.795721676515083409e-01 1.046505881269356841e+00 1.017592487900938814e+00 9.582870215139498438e-01 1.144344763570068535e+00 1.081928093693932391e+00 9.856750516350109015e-01 1.162787007365815528e+00 7.133817660120689297e-01 1.192948642250993840e+00 9.933813602603666082e-01
9.981966638224138988e-01 9.363002365025533402e-01 1.012376009463799464e+00 9.182378909794589594e-01 1.071473328491350685e+00 1.226598022017866274e+00 1.113532917438576630e+00 1.009586178155655656e+00 1.137984658634811908e+00 1.013227457666719955e+00 9.880524349011354790e-01
9.990138830602002251e-01 1.096380592779896634e+00 1.007268081803487814e+00 7.690709230475510916e-01 1.043724099170243003e+00 9.422641727238092457e-01 1.001634661434589235e+00 1.104681727065993879e+00 7.658446980887974043e-01 1.221636283016335645e+00 1.004212521533595970e+00
1.011387413286274572e+00 1.048522056577665618e+00 1.055793536113039721e+00 9.776654842398889711e-01 1.103034995169545951e+00 9.784204406366611151e-01 1.099145182219827710e+00 9.850698821953527418e-01 1.143341177989951163e+00 1.111516559456267039e+00 1.015542725806311442e+00
1.002832134944460885e+00 1.008268287259871387e+00 9.602863819043454541e-01 1.006661362265218962e+00 5.448166656700013100e-01 1.026990886401692782e+00 1.054290190747934508e+00 8.664216490939705695e-01 8.823889473305956965e-01 1.200490562040474662e+00 1.011661064969212376e+00
1.013036708859620827e+00 7.881450983491219420e-01 9.325654790166466590e-01 9.802370709513980040e-01 1.081424388796061953e+00 1.033048463660151128e+00 9.930126705990954816e-01 9.234686544146738507e-01 9.074840409959188392e-01 1.052617441188013592e+00 1.004330058134362824e+00
1.008539945987857678e+00 8.926545895006545717e-01 9.834355956106362040e-01 9.976740097971155130e-01 1.020511087893662294e+00 1.091715004847569670e+00 1.090644999377440971e+00 9.726015390408628836e-01 1.118165532622565461e+00 9.814720894501405279e-01 9.988511075277716200e-01
9.924846867576772036e-01 9.498334464756302831e-01 9.770819465448983276e-01 9.723863720354141149e-01 6.704410164056417987e-01 1.007580493285225920e+00 9.650307030112277307e-01 9.163755757028161364e-01 1.055791656552135693e+00 1.183122927694741033e+00 1.005197065807824419e+00
9.864984152088690506e-01 1.098456975409844327e+00 9.599195093862438188e-01 8.322530101742292574e-01 1.307809232515435571e+00 9.378646161697655748e-01 1.117791512179450386e+00 1.015567157651700470e+00 8.760477559481405496e-01 7.753072757690906425e-01 9.894482795100555395e-01
9.991090745185615685e-01 8.975942366482121404e-01 9.892136409730374336e-01 1.018412056434439883e+00 1.330173491417813603e+00 1.096400843552797655e+00 8.771257646072323499e-01 9.932584920605784795e-01 8.778224499894986543e-01 1.036116747499042923e+00 9.913880409977530173e-01
1.010806719208821702e+00 9.455898297183601420e-01 1.045127284700388737e+00 8.548684959404568851e-01 1.279954678771828780e+00 1.151008163732442080e+00 1.041455549281936843e+00 9.249479500552317823e-01 1.226385632675171422e+00 7.581088912626324783e-01 9.844391949411537279e-01
9.760581742880951595e-01 8.250850619198666358e-01 1.015396154477277380e+00 9.805541230277170506e-01 1.185306436506637473e+00 9.979308468383528696e-01 1.123963201858902750e+00 9.653001861983357967e-01 9.296974105727794369e-01 1.027006586531518995e+00 9.934697449904790201e-01
9.995626512542025166e-01 1.120725603180449115e+00 9.824689248954905363e-01 9.927609040476198521e-01 1.001151926546178128e+00 1.002338663733774116e+00 1.022108719305654168e+00 1.001604933891709903e+00 6.302397005249162909e-01 1.145454522171302614e+00 1.009762213892966054e+00
9.973657514016931458e-01 1.071070874647540583e+00 1.011250938268038579e+00 1.055299040910644859e+00 1.173094663813603944e+00 1.162525237233658970e+00 1.077685550493131306e+00 1.078237232086583619e+00 1.138533268224880546e+00 1.007829203233971072e+00 9.994988923519946278e-01
1.009994935079993716e+00 9.089484344115204006e-01 1.021582381885069779e+00 8.379329840885612057e-01 1.259689201400133962e+00 1.002781403267585025e+00 1.087219348269811148e+00 9.387916182759907802e-01 8.541141961068163813e-01 9.907136877122229013e-01 1.016078426873363361e+00
1.012388025940746505e+00 8.306880966015126599e-01 9.784667392283982190e-01 1.123466804222289950e+00 1.229639961901392908e+00 8.307818138376138473e-01 1.152126064827961427e+00 9.548803638828152751e-01 6.658724769810584476e-01 1.263326092690216562e+00 9.972103692859312085e-01
9.914449942192461451e-01 9.252410367762812227e-01 9.849478028449628608e-01 1.296063911038711325e+00 9.942805121587400263e-01 1.015289917113613605e+00 8.505832687569084838e-01 1.036922773932059894e+00 9.565960110624005530e-01 1.044396221729212426e+00 9.873385585987630719e-01
9.922626704381809493e-01 1.007072021730291089e+00 8.659094293519207231e-01 1.226470294799973493e+00 9.561476925665044480e-01 9.981715834332738346e-01 9.698063090087361005e-01 9.606980171566383842e-01 1.028676483660018404e+00 8.961936507954761932e-01 9.989235478627431775e-01
1.002316032044590743e+00 9.031065039959783602e-01 9.761767258887521503e-01 1.052772154061189402e+00 1.066273491058362444e+00 8.577529064370912337e-01 1.062326694692476758e+00 8.646129096221326638e-01 6.855536210206110148e-01 8.437524375676194177e-01 9.897227673575565987e-01
1.009196629922415545e+00 1.079198236071078787e+00 9.828296399254844440e-01 9.525415163955681663e-01 1.094174281902376533e+00 9.537267993712145175e-01 9.573354948819902122e-01 1.055696901478629268e+00 8.632691638143816792e-01 9.172402079905733752e-01 1.000011257572463341e+00
9.810666649532443495e-01 1.064927453189316697e+00 1.010797898285781038e+00 1.150563300116729470e+00 9.637636394532079764e-01 9.878466924962725493e-01 8.331700770142579371e-01 1.106398564518479954e+00 1.204783814447255796e+00 1.075574836351588681e+00 1.003940254733424187e+00
9.874966674965764968e-01 1.112787716122162651e+00 1.026795515630671396e+00 1.052537331303875057e+00 1.083573338508594608e+00 1.064864073271892142e+00 1.009769311280366511e+00 1.046878689052451294e+00 1.121382026384483810e+00 9.913310384969540312e-01 9.871016583506978526e-01
9.894008375052761872e-01 1.041281217878333276e+00 1.017335069512558698e+00 1.054225680842173940e+00 7.980529744537432357e-01 9.020910969483189046e-01 9.862075187687764366e-01 1.088563776735407940e+00 1.455601692270591219e+00 7.418392204651703681e-01 1.006215443088130046e+00
1.000480165480955197e+00 9.561477176743415907e-01 1.043477958431520358e+00 9.157588971574378567e-01 8.955517556701084736e-01 9.476069396337782891e-01 1.102896555455968430e+00 1.077180136141652866e+00 6.761575466581661864e-01 1.169796193245616678e+00 9.914705754770770652e-01
9.770804301421245341e-01 9.975957757769268186e-01 1.039805919451636473e+00 1.023031682295283185e+00 1.174705675561426910e+00 8.976955442207792402e-01 1.071152159852939656e+00 1.068493943832602211e+00 1.079917157165156683e+00 7.546472950307123728e-01 9.901251482622365208e-01
1.007376971778828345e+00 1.022269417990395501e+00 1.076112982584693789e+00 1.176838623940498874e+00 1.186483360815160815e+00 1.074999283956650009e+00 1.184692718926423360e+00 1.023079047501564309e+00 8.110197864383560384e-01 1.176045791433173671e+00 9.813936564640386440e-01
9.926058472392915721e-01 1.068687144666644162e+00 1.017560229217004064e+00 9.861169630804370589e-01 1.056839601605037204e+00 1.135746089062076525e+00 9.745760274570579584e-01 8.490680846428678707e-01 1.023800082767873043e+00 9.998355571915242823e-01 1.014944395220880979e+00
1.006696590356299659e+00 9.957644474057403272e-01 1.003296243528772891e+00 9.753963217342219716e-01 9.469945072823771071e-01 1.152627074349547476e+00 9.771568923621343217e-01 1.081304413255814723e+00 1.127055056323320592e+00 9.106656553278427157e-01 9.902412678379448607e-01
9.979722105507865537e-01 8.093034787139743447e-01 9.584826054489077318e-01 1.068549600059196525e+00 7.340270527958427937e-01 1.031523608315832785e+00 1.127918542212925423e+00 1.038721025582687307e+00 1.152913282407316053e+00 9.608099969727817991e-01 9.990058767719613986e-01
1.007460237039958795e+00 7.843546157909139227e-01 1.082681586350013214e+00 1.133868981788068497e+00 1.228153370379316822e+00 1.052111736543867915e+00 1.078291599153444746e+00 1.029137926277347681e+00 1.059733855164026517e+00 1.214700941830621828e+00 1.007031802762615946e+00
1.012655764754886611e+00 1.055447362672570000e+00 1.001374087979412630e+00 1.003395828064318263e+00 7.377203263519094278e-01 1.161292828565826163e+00 1.166312922599803459e+00 1.020638057135356602e+00 9.655879002873783978e-01 9.250931381411852117e-01 9.953672779260834824e-01
1.011619535062538322e+00 1.036713071752501714e+00 9.687991400829342181e-01 1.099952309676629936e+00 1.279412220847001125e+00 8.714952912381966899e-01 1.066296625920178265e+00 1.081002191600037854e+00 6.591647292432194494e-01 1.097743235581530197e+00 9.906953074078213017e-01
1.006633717339422418e+00 1.067531296647449279e+00 9.742570162386418042e-01 9.949351496282475837e-01 1.014633761849581983e+00 1.089412690055704402e+00 9.206504398901080855e-01 9.239278210534556113e-01 1.169070797226767544e+00 1.004741088112623304e+00 1.001436222658760755e+00
1.005528498163162698e+00 1.114594303039827317e+00 1.074704927049918712e+00 8.835260598202709925e-01 1.092486459777584962e+00 1.020761671683492411e+00 9.357084938665251039e-01 7.723627763482567854e-01 1.017450817550022313e+00 1.262871419345204416e+00 1.003353493689265186e+00
9.921883787733571936e-01 9.166163390959685131e-01 1.017037477635573062e+00 1.142606719064899634e+00 1.071918958354845852e+00 1.053551133016873864e+00 9.050427965971988842e-01 9.586726205847480031e-01 7.282300298037940323e-01 8.613801990090966809e-01 1.008889942011821583e+00
1.005496427732355924e+00 8.434163286142675187e-01 9.899935452322348173e-01 1.042445570403367938e+00 7.503404821397363644e-01 9.886526426336604834e-01 1.037374276711211074e+00 1.047169620668974455e+00 1.516961904105414760e+00 1.137998597123188294e+00 9.996818811382544023e-01
1.023760695627810469e+00 1.080025209262409192e+00 9.165246659381269811e-01 9.554401071068957529e-01 9.108573515782180108e-01 1.085267040480407896e+00 1.046237287480623612e+00 1.172899314836426621e+00 1.172658066924059606e+00 1.015915393007837730e+00 1.011794626829111809e+00
1.013808173003786894e+00 1.164337302941363506e+00 1.152054264759472035e+00 1.181023926581233674e+00 1.014387067288529343e+00 9.575322832221949687e-01 9.823408205001611382e-01 9.646841178681434537e-01 8.552329259822432084e-01 1.001092433379404456e+00 9.968439915763901427e-01
9.957413704248402331e-01 9.271048834242298087e-01 9.065377483291696681e-01 1.085006617058703826e+00 1.088245369652931505e+00 1.147384097117424506e+00 1.048596070440051209e+00 1.012198763344823282e+00 4.626421944608281045e-01 1.031411523662653318e+00 9.917313179702470505e-01
9.956459713518559518e-01 9.941167953773563104e-01 9.437889612637405667e-01 1.081948330715384543e+00 9.720007139548609842e-01 9.148684331359666633e-01 9.782251201761590353e-01 9.222399006236409180e-01 7.305939233181752979e-01 9.065646809563193687e-01 1.009655724941069588e+00
9.848584488929034153e-01 9.684475928610347673e-01 1.018105133891511471e+00 9.312158458159165431e-01 9.186426276499032317e-01 1.010795457912304629e+00 1.013535259730476756e+00 1.030287741529231971e+00 9.410534416611709974e-01 8.007655325956593018e-01 1.000575432978044743e+00
9.917982305787934605e-01 7.368910322371928778e-01 1.033151008677322791e+00 9.485264349010479323e-01 8.946230588399748385e-01 9.201315325556650437e-01 1.143953552971532117e+00 1.029817088030003491e+00 5.469370726980534725e-01 9.093090782920042470e-01 9.959480819808020913e-01
9.755498667392222822e-01 1.153364159590449134e+00 1.044143716862448557e+00 1.076332269201934810e+00 8.766834011635868951e-01 1.129445218304093501e+00 8.679413777005607900e-01 1.061334315791683913e+00 6.824693509382513401e-01 1.001790796902487957e+00 1.011193979663512987e+00
1.010657955060507041e+00 7.162374890392773086e-01 1.022652275761295915e+00 1.171456189310143392e+00 9.868089563832136424e-01 8.680033832410563033e-01 9.086653576930379117e-01 1.057715806357026667e+00 9.486448088823226099e-01 1.279783594463760554e+00 9.751491711848171429e-01
9.889382053572254305e-01 9.582650480283747552e-01 1.117530990835159832e+00 8.760798724311371632e-01 9.898416788467835348e-01 9.825188225643799456e-01 1.154880481470771159e+00 9.559884031200496235e-01 1.244102579579461132e+00 1.152523849182334192e+00 1.000109903716068560e+00
1.006514940736908059e+00 1.094809539803712095e+00 1.072907048657767870e+00 9.831419319514660415e-01 1.094959543433563720e+00 1.101111221159931652e+00 8.291558018986183720e-01 8.374453883255084108e-01 8.041930342787393382e-01 8.330395393724827624e-01 9.931776542531047802e-01
9.934080792686502681e-01 7.976877716841944688e-01 9.106130498228475201e-01 8.590016180290122039e-01 1.090447527675629802e+00 9.055386168148507053e-01 1.106602344305451124e+00 8.575422071466016760e-01 8.116078727561306660e-01 9.579449873390077919e-01 1.008434175646121034e+00
9.882988992632941727e-01 1.197282967200798964e+00 1.016005040621406952e+00 8.745247025976011779e-01 1.120986449930233775e+00 8.194718664462564695e-01 9.317976300375236942e-01 9.980492211431737370e-01 8.190969098997805675e-01 1.095862879809889723e+00 9.979392828341836497e-01
1.014747336506454767e+00 8.329505415612316055e-01 1.000588984456654007e+00 9.770963025904495503e-01 1.154110320451125160e+00 8.701778307108952726e-01 9.966341818291063470e-01 1.018324935368070783e+00 1.393002657239233111e+00 1.151799569606276608e+00 9.858036557430971403e-01
1.005299014691735771e+00 9.887854268492664023e-01 1.022948352041840314e+00 1.098878473519853793e+00 1.249571845199116238e+00 1.155985259257182207e+00 9.381241060571736678e-01 9.901192370250286867e-01 1.022070199228462206e+00 9.494956851406466392e-01 1.021172375139926647e+00
1.014548675499557406e+00 1.070134685350726089e+00 1.037906235550761780e+00 9.493624046838710084e-01 8.332216037044624102e-01 9.916945681182012251e-01 1.047579338380957514e+00 1.032923931521853911e+00 7.247319946619807940e-01 9.767092347410442077e-01 9.904561762270003289e-01
1.019699928369803388e+00 1.067132288930851214e+00 9.994821318585694891e-01 1.045691203438835926e+00 1.126840067458952266e+00 1.082475719633351430e+00 1.111215282676393912e+00 1.050613518502625743e+00 9.100578198139654962e-01 1.037012598342185621e+00 9.952545702333157607e-01
1.009492256830335277e+00 1.235222144506275654e+00 1.065701203234421746e+00 1.001346976145919720e+00 8.446882133989865871e-01 8.592631319157216785e-01 1.027948907408113843e+00 8.812389464792724780e-01 7.974205924856914152e-01 7.330782424089750116e-01 9.991030779885055058e-01
9.852503250952571179e-01 1.109307871157817482e+00 1.028201109860495510e+00 9.145656492258262826e-01 9.168212951067199468e-01 9.247018606446731903e-01 1.026775135051355203e+00 1.037699767318860600e+00 1.030037245799402257e+00 1.154447205588911896e+00 1.000505047170598072e+00
9.971186394176577705e-01 9.149029634988974369e-01 1.121625163818001703e+00 1.111665311969024295e+00 6.595187932303601119e-01 9.137150464421450735e-01 9.843177729165573098e-01 9.022880954201324410e-01 8.263998640244736293e-01 8.355748840274745959e-01 9.985949854855918906e-01
1.018177743892438869e+00 8.912790782565651604e-01 1.033736619092126885e+00 1.102447034144679927e+00 5.959052882249751271e-01 9.459199501294580648e-01 1.008282670975421569e+00 9.694891349605607722e-01 1.078489889304954152e+00 7.288164957859853965e-01 9.991718103114375360e-01
9.951836416164059340e-01 1.016706850138005880e+00 9.412092522629532665e-01 9.806746203093911207e-01 1.067695495799138694e+00 1.004750550771568829e+00 9.502604453226290993e-01 9.963922630697477079e-01 1.144748109029861238e+00 1.170837397922335654e+00 1.003465046513436265e+00
9.908483015452193010e-01 1.029627872488583451e+00 1.028830934950069276e+00 1.166419095573773212e+00 1.085804317015458320e+00 9.446315137652173677e-01 9.071624939480146255e-01 9.885425555399344200e-01 1.435277469584962828e+00 9.651819067035134481e-01 9.781866198819927360e-01
9.970289330395366578e-01 8.998216802938310277e-01 1.061972296636853219e+00 9.906833760393471966e-01 1.424961304403608908e+00 8.938599397532649427e-01 1.132802414876121766e+00 1.137352188773274486e+00 1.043364882314038233e+00 7.688060692331040169e-01 1.014126474550652190e+00
9.899387908108816525e-01 7.138709785659478335e-01 1.012095683262366430e+00 1.059860069653451919e+00 1.129274794302901785e+00 8.917606948327667649e-01 9.382919491761855246e-01 9.092705865977397384e-01 9.869924233102606026e-01 9.845122185473712539e-01 9.977916506571583577e-01
1.008689992301870175e+00 1.165163742673591463e+00 1.004583987495374586e+00 1.093650840064304797e+00 1.266530239928854495e+00 1.111904011693255256e+00 9.767709794036169013e-01 1.080089830686958186e+00 1.267498219113650126e+00 8.418949630499432679e-01 9.901693249112404338e-01
9.910467921215883047e-01 1.042610324739862593e+00 1.018600057580643536e+00 1.019787987629346082e+00 1.047552217008584918e+00 7.737508118598662721e-01 9.655977379742866074e-01 1.111304203569448035e+00 1.219662486555591174e+00 8.952286065396367620e-01 1.024490391673795742e+00
1.001586524935972111e+00 9.097491019408128210e-01 9.464168491645652548e-01 9.346325593068905979e-01 4.754412206249043482e-01 1.008331256636560092e+00 9.323730805602049587e-01 9.031357294818741499e-01 9.533659930850899578e-01 1.042426893431978252e+00 1.006050458557335769e+00
1.007314190954913036e+00 8.803168254329367670e-01 9.688813302103224112e-01 1.074860248775675542e+00 1.417221550341553726e+00 1.055319441466434638e+00 8.979091074148022322e-01 9.796462862168326957e-01 1.184182608748422183e+00 1.195833274980537153e+00 1.008496296729210151e+00
1.005552718791310918e+00 1.159831234554988599e+00 9.685201224414695664e-01 8.359698134291350113e-01 1.116436699302420843e+00 1.140954652352230703e+00 8.550334169327356015e-01 9.776349334718178463e-01 1.075765867866564029e+00 9.982542750149023814e-01 9.875060662790591248e-01
1.016250000523242880e+00 1.004149350349481606e+00 9.698251752507369705e-01 9.729346240510672317e-01 1.295580245203263647e+00 1.035047180811455636e+00 9.793088322004294133e-01 1.011093423858966833e+00 1.006048650908283548e+00 1.123649167274924476e+00 9.916898439730487125e-01
9.960077488746782448e-01 9.037121600618723827e-01 1.076548200716536563e+00 1.112649303090432973e+00 8.682116018813997860e-01 1.009961807248515031e+00 1.031656931695113633e+00 1.002997663422002805e+00 1.181994597633684529e+00 8.764167789310446377e-01 1.020921287190556637e+00
9.951408422335964454e-01 5.896087134611383007e-01 9.985728741160512234e-01 8.287727522250889489e-01 1.025504345774369996e+00 9.559152577425008568e-01 9.897638760275806469e-01 1.101519181377952128e+00 7.448511858184481138e-01 9.928059878884343270e-01 1.016930378347913999e+00
9.927077752316547654e-01 9.902474396219549391e-01 9.777187644754300466e-01 9.435096458130316499e-01 1.405182813225436034e+00 1.179668493036098775e+00 9.996221726752978487e-01 1.047706457524008927e+00 1.047206237384955330e+00 9.530218248737185593e-01 9.965922542891411107e-01
1.002997310441990031e+00 1.058681816507362150e+00 1.084409891912321289e+00 1.031664955963366381e+00 1.386886336363953642e+00 7.498298198791886193e-01 1.050587881165750304e+00 9.641197433910635439e-01 1.144379065400640938e+00 9.918118724289857191e-01 1.006456343187633662e+00
9.924511381576581748e-01 1.009495783410711223e+00 1.029521483122095349e+00 1.071596508510786361e+00 1.168795648664417541e+00 1.098898744886064982e+00 9.438421348919279197e-01 1.183787985670964549e+00 7.572798608901321060e-01 9.223614136357026760e-01 9.992808997180111508e-01
9.929172751114209161e-01 8.188992835464324882e-01 1.050506465542806467e+00 8.462749650478660346e-01 1.216963301407880893e+00 1.023972358832081708e+00 1.039088782455008797e+00 8.899452195731334392e-01 9.704331425921512988e-01 1.089776221654400024e+00 1.001380755717468096e+00
9.861505595970924132e-01 1.148069958639660992e+00 1.023958751798401901e+00 1.002837504050679396e+00 1.395271407397622454e+00 1.121454773003073058e+00 9.984887032780637162e-01 1.217733305782484177e+00 1.057810627659792724e+00 1.035681633193507034e+00 1.002882188558818166e+00
1.009795132329974088e+00 8.935627225087242609e-01 9.838976713267810759e-01 9.173827429807726030e-01 1.433328034235740844e+00 9.279009662683034287e-01 9.404106763778625755e-01 8.070337816854347146e-01 1.039350997505810392e+00 9.435426750857959233e-01 9.985103328095963349e-01
1.001599655945115686e+00 1.026500955111731006e+00 9.574077384079490161e-01 9.616342955840746498e-01 1.103725382210006600e+00 8.949119162866917554e-01 9.030381762000275758e-01 9.135128113482493539e-01 9.693899609767353542e-01 1.272906691212807084e+00 9.996333313637060236e-01
9.802679058273757740e-01 8.412227916983587850e-01 1.039870765851943712e+00 9.505805367247132098e-01 8.109964407952501286e-01 9.175445574373468638e-01 1.120280577739627859e+00 1.010665289613583262e+00 8.235872491231850390e-01 9.006928111556874450e-01 9.833745114674656840e-01
1.007673545071208210e+00 1.135328824155495298e+00 9.670019342894468073e-01 1.035758595204731680e+00 8.226411195302996138e-01 1.069680263624963157e+00 9.997971626319247518e-01 1.043626516908968904e+00 1.259922329622614523e+00 1.025871873475559637e+00 9.969651707032057830e-01
1.009464547176705640e+00 1.204102874145185353e+00 9.566263135996052602e-01 9.294296979083387367e-01 1.133576093956745190e+00 1.017688632229302392e+00 8.948555443256563935e-01 1.083426315880916757e+00 1.040652402288536837e+00 1.146690732519883182e+00 9.943767098225697598e-01
9.944648365053949668e-01 1.060980079942103638e+00 1.004723041956348650e+00 9.399503874913588408e-01 1.224311467558880429e+00 8.146553405427089389e-01 1.038528942335642746e+00 9.441216020979117385e-01 7.990601925605794742e-01 1.148484294226709279e+00 1.000800903009689824e+00
1.012010199893433660e+00 1.068355772471976106e+00 1.019327845659194764e+00 1.133150120349520229e+00 1.233998532707123674e+00 1.071973309485729331e+00 8.294146814340639384e-01 1.112048199359709555e+00 9.928904385318705339e-01 9.231982264213951517e-01 1.011244511141026869e+00
9.824704362770452226e-01 1.052906638847273424e+00 1.067032656104147659e+00 1.036399249529383226e+00 9.578060660760664424e-01 1.023283673085844336e+00 1.002631580590173987e+00 9.910688618615046686e-01 6.093247796232736935e-01 8.706150390638459635e-01 1.002389453828814947e+00
1.001536970012101735e+00 9.797450369974071149e-01 1.035248049623588962e+00 9.666463235572131385e-01 8.707662876372572747e-01 1.220303743590108070e+00 8.795725803257314901e-01 1.070986664623889251e+00 1.020726139875847371e+00 8.398250213625413352e-01 1.005454416198633627e+00
9.936050851179174526e-01 1.054720625426879499e+00 9.558456667062343870e-01 9.269164942596614942e-01 1.213569143145202922e+00 1.031949200218884144e+00 9.910157659045601974e-01 9.925266616853527513e-01 1.160219828050729873e+00 1.071164069843320243e+00 9.966940128793031484e-01
1.000936660200880457e+00 9.715644811844295070e-01 1.066273207482991037e+00 9.115524557619743007e-01 1.241332617689939521e+00 1.126711388912640111e+00 1.023509125038178036e+00 1.074397629990811565e+00 1.104720476328924228e+00 9.677146026687275526e-01 1.009069045798072217e+00
1.001228931474143380e+00 1.099705047383717327e+00 9.747190985936072805e-01 1.115043728206857487e+00 8.398153370005745355e-01 9.411386196261376513e-01 1.113176844567769663e+00 9.704701589552786611e-01 1.294308565676273615e+00 1.153270494056375606e+00 9.910715822452008661e-01
1.014914866975193064e+00 1.180490750718473203e+00 9.453481162075011435e-01 8.656755975059496899e-01 1.040012112522077148e+00 1.103708524396919799e+00 1.049228667429181971e+00 1.082308207136558620e+00 9.165335725202078399e-01 7.465891725362601150e-01 9.859857496933169818e-01
1.002536476930618203e+00 1.258291159218692279e+00 9.012048415116745703e-01 1.153579941119926566e+00 9.696219349676884480e-01 1.142451819664570323e+00 8.905640798667082692e-01 9.950406618631498779e-01 7.720410623828629637e-01 1.096286322456143658e+00 9.920898773495586687e-01
9.987153319894112036e-01 1.003428518399543501e+00 9.794631780806624111e-01 1.027756390927368146e+00 8.781084696256582500e-01 8.593890835382369531e-01 1.052527908725620298e+00 9.644365513396054856e-01 1.174444444333386128e+00 1.216213398786228472e+00 1.018387585595753819e+00
9.998458621055840156e-01 1.334107952338019931e+00 9.621795700328404921e-01 9.443722150476326904e-01 9.603586099599414894e-01 1.118521056427714822e+00 1.014457607733874278e+00 9.953695700605565966e-01 1.127982212423816799e+00 1.026148402368296297e+00 9.873771882303294944e-01
1.009056797037209963e+00 1.034151359561465089e+00 1.003710683172964746e+00 1.080191621410227620e+00 1.391249376465854226e+00 9.941541204902547557e-01 1.114133995236465946e+00 8.922324865364449353e-01 9.713116783307710334e-01 1.000118942393961152e+00 1.006930773583833982e+00
9.737481683984180458e-01 9.767049937931318038e-01 9.570144069690360578e-01 1.036035381285014267e+00 1.105839785079025139e+00 9.211662495449924881e-01 1.011969463007146519e+00 8.235827363521601718e-01 1.027331258443193063e+00 1.374478063791129134e+00 9.733778453447785584e-01
9.932262140750026669e-01 8.383497333447892386e-01 9.448337416881722461e-01 1.082129233866126139e+00 9.736060062901970014e-01 1.055434110437194040e+00 8.726426407931625606e-01 1.011861760920664821e+00 1.508365553366583844e+00 1.060338127837735067e+00 1.012306752778314722e+00
9.937292931140064844e-01 8.107920872170496507e-01 1.047846978870886625e+00 1.080746976125029013e+00 1.062672271748626551e+00 1.165952251606842793e+00 8.391072113631314888e-01 1.150927576972179400e+00 5.731548013017391252e-01 1.177184286378306632e+00 9.928784321895879339e-01
1.002409593318541070e+00 1.000323244360991515e+00 1.029372226593615602e+00 8.853202988342617763e-01 1.150462810555525905e+00 1.099794035695226713e+00 9.020472444419498359e-01 8.513551532996470605e-01 1.022236107883617295e+00 9.552256065351616421e-01 1.004572031197585869e+00
9.952330948891286999e-01 8.499310746064088207e-01 1.045876972589165232e+00 8.564615795822566602e-01 1.005769443788190998e+00 1.015892048592976105e+00 9.447577834299009103e-01 9.496891035027619221e-01 9.493284203535078403e-01 1.052911863887538546e+00 9.999891745140463417e-01
9.909001487046477097e-01 1.300909607462745976e+00 9.960460011365507293e-01 1.110734413409402155e+00 8.012763761579130284e-01 1.058780543167828325e+00 1.176695751069518847e+00 8.847878022590455194e-01 8.702227875195717166e-01 1.257892221524575138e+00 1.006597887834198124e+00
1.003838353460073884e+00 8.701196700977096299e-01 9.146580045829182382e-01 1.049367363353581606e+00 8.018570709743728653e-01 8.904760708991704687e-01 1.100457275484520103e+00 9.458214596098056814e-01 7.969297751632912208e-01 1.100267760446494103e+00 9.765378720595173645e-01
1.007015196350824260e+00 1.214348577963042963e+00 1.069883985942005733e+00 1.046055848622117423e+00 1.140702908077509292e+00 1.127415198488951553e+00 1.049572002372072266e+00 1.115289439364757218e+00 9.579706925474826829e-01 7.538715848833439370e-01 1.007773470463579235e+00
1.003975788292697180e+00 1.305554877204772035e+00 1.063318603984504840e+00 8.409167387673661676e-01 1.125841128686027925e+00 9.858038486878470952e-01 1.068896944686253070e+00 1.012766588105636911e+00 1.117038193128998103e+00 1.293938289397082775e+00 1.012424075216036057e+00
1.000389863933621504e+00 9.141839445644946993e-01 1.003268070808858381e+00 1.100868586733900756e+00 9.789997985716080153e-01 1.018223315164095810e+00 9.682942211004332833e-01 1.247743258907018316e+00 7.796775635066923726e-01 7.801965665821376517e-01 1.003767159464543646e+00
1.004348066245471793e+00 8.642516636765186222e-01 1.039174541421558740e+00 9.131824634195354617e-01 8.353451283275228345e-01 1.016555004892139680e+00 9.461987379805527620e-01 1.088419922787391858e+00 9.906917226953720901e-01 8.905832805751947578e-01 9.919508955003858430e-01
9.952501041410374283e-01 8.825111523637596544e-01 1.010456465154581540e+00 1.168667885062499634e+00 1.044018969624407989e+00 1.086422058537994673e+00 9.353764846740394434e-01 1.228161885842401713e+00 9.434653297718991194e-01 1.067779075042011527e+00 1.003693957874052689e+00
9.862198299694668879e-01 1.123813686839236547e+00 1.026154447570333472e+00 9.387172634398590620e-01 1.232682602348817991e+00 8.673039502962235359e-01 1.011438023894961402e+00 1.005055801338023524e+00 1.192063143698795180e+00 8.258774464562539386e-01 9.907694686247032756e-01
9.934446441283245610e-01 7.064507186721833421e-01 1.028544127458973945e+00 1.050910964400249004e+00 1.035362183735127228e+00 9.067965365284783585e-01 9.755357438169202089e-01 1.016634010002948729e+00 9.260722879651319683e-01 8.983914808195692103e-01 9.812144795905398675e-01
1.002176261165749871e+00 8.896310144796267805e-01 1.021030883740915662e+00 1.004988742921178124e+00 1.345883117611710311e+00 8.233034056618633301e-01 1.022650712539294515e+00 8.915298389299151083e-01 8.019514853293030487e-01 1.337554743246781808e+00 1.006824311107459957e+00
9.977986627793296037e-01 1.033445026982013903e+00 1.080583820912318860e+00 9.540239655378188743e-01 1.160251508609017268e+00 8.966931086528181494e-01 1.080519564627689277e+00 1.192996726970801280e+00 1.330625107382918282e+00 1.090386884195516881e+00 1.009268295747369093e+00
1.012445102302561573e+00 1.183428133964773865e+00 9.868448400777076746e-01 7.961169879216093426e-01 1.004091173454615626e+00 9.320156894358232469e-01 1.084547063048515003e+00 9.984193304945060410e-01 1.012114372716135913e+00 9.129657311733310188e-01 1.005575107480269681e+00
9.998690609937013196e-01 9.968887384480512592e-01 9.454325088962231005e-01 9.970469593675718167e-01 8.186974791295535958e-01 1.089872663388660401e+00 9.605507145844500716e-01 1.008875243812072053e+00 1.060560115810369242e+00 1.179257099949513554e+00 1.018603694382188785e+00
1.020159851430906928e+00 1.037113109645769526e+00 1.077096321798253431e+00 9.994329275007087787e-01 1.075169961891821124e+00 1.001650030602664554e+00 8.383524799061048416e-01 1.190919923827334248e+00 1.637366745028577597e+00 1.051744885262376972e+00 1.007289583055472004e+00
1.010053300046330094e+00 1.073642138942568769e+00 9.085084035977941674e-01 9.734720738692301811e-01 9.292416074486926636e-01 1.037895365320177898e+00 8.599382753626324538e-01 9.492086727144725122e-01 1.151065044674410842e+00 1.102572141788185522e+00 9.995786305270842886e-01
9.849902482797784353e-01 1.239327257826295048e+00 9.936457455297785790e-01 1.050230104673528286e+00 1.018357379929899054e+00 9.590768333515075073e-01 1.076934165469364935e+00 9.048992823852766154e-01 1.289686185766705462e+00 8.817183568950077710e-01 9.976301021950565451e-01
1.000988599585491245e+00 1.160398539670694840e+00 9.726908415422089726e-01 9.605340411259166711e-01 9.564501319664961976e-01 9.695619811768794172e-01 1.069721454584539488e+00 9.315145486518340290e-01 1.237622587037531918e+00 1.122374682764175402e+00 9.962504178599437266e-01
9.959430059548217695e-01 9.410707053738963657e-01 1.028989962231527944e+00 1.222278738685821153e+00 7.636840903662930335e-01 9.766973066883637422e-01 1.024056772427863971e+00 8.951779622721212082e-01 1.088632457802433340e+00 6.185867134276104018e-01 1.005370961199899327e+00
1.015522181122531009e+00 9.931486692138925543e-01 1.034050004381717791e+00 9.336637252568027456e-01 7.058867791731191499e-01 8.878973949350106309e-01 9.512350773751092614e-01 1.045945973161337417e+00 1.417395143088062026e+00 1.040959555240976053e+00 1.013275005482415558e+00
1.004706918439219221e+00 7.723157533649767092e-01 9.634109733593427816e-01 9.759499964898209479e-01 1.033858008200375878e+00 1.320611791275599689e+00 1.004465584774915987e+00 9.412341569549992348e-01 1.212808395559145325e+00 7.651845627471458577e-01 9.971561832312284546e-01
9.966993485552134713e-01 1.118119270447845093e+00 1.008228847365826963e+00 1.051952295203945287e+00 8.464211064863789158e-01 7.871820759990837413e-01 1.085390524041515370e+00 1.004149381211345116e+00 8.728600731575031357e-01 9.377921203194317101e-01 1.005774311742168248e+00
9.868148294378660257e-01 1.013426890612663334e+00 9.459798566103881923e-01 9.280842321552503771e-01 9.388106963474303068e-01 1.095554844160631758e+00 1.067235976649058449e+00 1.131178437966239070e+00 8.513586512629854886e-01 6.999048833910015421e-01 1.015316230309241563e+00
9.968784443671401263e-01 1.095984911720427890e+00 1.095681772707030710e+00 1.076690264913891415e+00 7.833055122528446157e-01 1.147936825120484894e+00 1.138126999798574568e+00 1.006208082801606007e+00 1.165657252822177581e+00 1.241328209554527051e+00 9.993748045095635080e-01
9.879731119333046152e-01 1.204852752023511941e+00 1.040557043254485947e+00 9.274902210555072690e-01 1.109202250976230930e+00 1.224239369666938249e+00 1.022606781008193133e+00 1.025338652590275013e+00 9.331059469444370480e-01 1.075100671248132578e+00 9.891898528365716814e-01
1.016194072065473186e+00 1.001845291288476547e+00 1.024297798966227191e+00 9.957669612581927510e-01 1.123790254188503424e+00 8.793093613555963417e-01 9.702477182742357265e-01 1.069402799954504601e+00 1.256573594553974438e+00 9.160969415315523001e-01 1.009624178541674855e+00
9.841045826148461240e-01 1.012271923388148753e+00 9.110021840242905622e-01 1.106158833579929057e+00 8.098181956609855625e-01 1.000185322375920727e+00 9.662919124683377881e-01 8.495256335063278152e-01 1.167165933551728596e+00 1.074604288226007620e+00 9.903201298647502648e-01
9.967985118288072988e-01 1.011564804600125544e+00 1.044555334170934824e+00 1.053125324102993199e+00 1.089768606458059841e+00 8.395885350862078988e-01 1.041197482326829737e+00 9.999586266462081596e-01 6.917849400563800266e-01 9.844723991685471187e-01 1.001454359059080312e+00
9.938507541693110126e-01 1.075689551329985338e+00 9.656912820667378217e-01 1.015836983440215890e+00 1.244433702455505886e+00 8.139238177966381382e-01 9.006264835384681922e-01 1.023611810447332626e+00 8.076841231661832099e-01 8.843165079018693309e-01 1.011048443506431749e+00
1.001715977276203207e+00 9.503042150480980332e-01 9.928459457452083470e-01 8.298877742824528614e-01 1.068842387028669405e+00 1.071780691029646126e+00 9.878074082628108821e-01 9.257830308295061927e-01 8.301855047757694672e-01 1.031198224534302987e+00 9.956669985194044337e-01
9.993676640513491360e-01 1.041685401125713728e+00 1.003096036771211397e+00 1.073561127523625647e+00 1.298616510608462393e+00 1.092307111411573439e+00 1.083082124595327711e+00 9.758625913943081986e-01 7.943736148276748787e-01 9.925152828651634396e-01 1.003519264476494532e+00
1.007780378843972313e+00 9.946938861327269121e-01 1.005349484977041463e+00 1.071022122042591951e+00 9.917751035453760133e-01 8.116663002491895096e-01 9.176247939704984535e-01 1.125413847201263806e+00 6.926093648792941426e-01 1.068008146700771377e+00 9.885151945881293090e-01
9.904987677000486324e-01 8.763245710036396963e-01 9.874622659510511324e-01 1.067284492101038484e+00 9.995063317754290244e-01 8.860337519332263101e-01 9.886043358525222757e-01 9.934946064753393813e-01 9.593975336540371268e-01 1.006633221641189069e+00 9.938828979704379396e-01
1.013643039136670421e+00 9.620547564173055344e-01 1.002758315256467414e+00 1.119669440510028480e+00 8.871401366170987846e-01 1.093634372843494740e+00 1.136958710862112421e+00 9.579718590178258886e-01 1.099167991251665644e+00 7.696320379076920792e-01 9.830156971161434498e-01
9.958833724382621932e-01 7.999700939354936757e-01 1.038018124685280430e+00 8.937925956614731771e-01 8.640595967735695826e-01 9.468984527118582406e-01 1.180638890530872454e+00 1.092507912826029104e+00 8.974754172728699464e-01 1.178103471174990258e+00 9.911301625212282085e-01
1.003132649079713890e+00 9.331508029313377861e-01 1.038312903469396309e+00 9.545022496196597928e-01 1.016193197460385944e+00 6.932094168846221205e-01 8.535621436507685456e-01 9.628583962293886245e-01 9.790330013433677925e-01 1.088930735473213618e+00 9.887437707829661582e-01
9.927945036743374141e-01 1.131526145595131760e+00 9.786918396272584753e-01 9.853124404293883698e-01 9.908054176901777144e-01 1.047966919089029947e+00 1.063381164720273331e+00 1.155891484540071401e+00 1.001844104710037042e+00 8.511299257866481449e-01 1.000238619711271149e+00
1.006247543640253594e+00 1.020713541802724889e+00 1.011430954007052518e+00 9.042400865063622284e-01 1.088086618706161968e+00 1.104122909883951786e+00 1.172234752987660444e+00 8.778702981391441895e-01 7.479941353632247880e-01 1.102317732209315393e+00 9.898557280254107749e-01
9.857185942291498693e-01 1.090719863875874163e+00 9.905076436765244408e-01 8.528167849371062204e-01 1.234655858165759401e+00 1.083876007773232786e+00 9.348961758407018374e-01 9.089255387312770162e-01 5.843283729277222172e-01 9.717830910141558309e-01 9.906318065108290494e-01
9.939996939374555751e-01 1.225481446621683901e+00 9.901312791494364385e-01 9.048320610672450082e-01 1.170590361326665718e+00 9.889978006745805406e-01 9.631445953000236093e-01 1.132024717188639951e+00 1.103306257003762614e+00 1.122161047075804774e+00 1.018864245187507622e+00
1.006745282204446923e+00 9.160962238672888391e-01 9.515668662373795161e-01 9.686157310543435095e-01 8.454619598106717371e-01 8.630071803244516726e-01 1.004738711489973735e+00 9.476369669749793445e-01 9.224254656898622784e-01 8.871620375948899850e-01 1.015059183320759839e+00
9.919975950246179286e-01 8.449645250617693337e-01 9.962611968503065629e-01 9.040996364525670792e-01 1.033921913198385001e+00 1.176844727855595130e+00 1.033969019788923305e+00 1.108580550787671815e+00 7.345946857390082130e-01 1.311685688929914884e+00 9.955548560315377049e-01
1.004784757130531059e+00 8.144641726277679350e-01 9.472689009085706324e-01 1.000645083010070602e+00 1.059915508307259557e+00 7.942599846535759456e-01 9.616244991365937578e-01 1.015928101179667697e+00 9.942163891646241813e-01 1.217238045656550582e+00 1.005413447697098173e+00
9.914796521942448315e-01 1.104906271352742664e+00 1.015616008720124031e+00 9.643897001321202200e-01 7.350169640902268764e-01 9.464254687641775465e-01 1.099440373872657251e+00 1.031066388540277545e+00 1.111585133344593190e+00 1.012856517821674185e+00 1.004168187772912502e+00
1.014212678064954520e+00 9.069945945853635783e-01 1.016836722864643550e+00 1.044948881824606879e+00 7.625761293145555397e-01 1.060941450018509702e+00 1.013719551381978112e+00 9.794019352804864686e-01 1.282468061419440142e+00 9.679035472281605212e-01 9.921931176967531130e-01
1.005931970654380336e+00 8.369362098385428883e-01 1.010399103892980044e+00 8.577108429523900845e-01 1.206684004689658751e+00 9.831865291900913073e-01 9.752729697515113427e-01 8.699068442540875967e-01 1.134215142996437775e+00 8.728320686315240717e-01 9.862002052946174935e-01
9.974500076583769914e-01 1.091336953246940134e+00 1.046348464196558137e+00 9.471183860496269480e-01 1.314087095537010086e+00 9.761857436351227824e-01 8.172071945204031351e-01 1.048382908528399327e+00 1.029035945446924227e+00 1.268937024662145641e+00 9.941617600785137565e-01
9.895672117331805184e-01 1.192449149538751474e+00 9.653733779944163595e-01 9.102383308238335413e-01 1.029261810880658157e+00 1.019897743001137780e+00 9.516287797781762814e-01 9.335787406427441537e-01 7.632623795027726477e-01 1.019391595586570887e+00 1.005596232900158205e+00
1.005799907526365500e+00 8.062798354329894224e-01 1.051167737241356814e+00 1.012053253452980028e+00 1.097437674537696140e+00 8.736618846485488810e-01 9.499970993325963509e-01 8.174753302285334700e-01 1.028072278967943287e+00 1.107414250914215081e+00 9.955135964652596092e-01
1.005618724296191591e+00 1.132403686668156384e+00 9.181605155574665833e-01 8.947001959692045814e-01 7.152342859694726940e-01 1.036510057814269192e+00 9.832417951185463689e-01 1.067194738627923245e+00 9.620311359120610195e-01 1.064702653822965139e+00 9.958417066466497269e-01
1.023359567638357559e+00 8.608857355111225740e-01 9.947286038927716234e-01 8.754768438301518962e-01 1.339524019157794843e+00 9.042257844662341393e-01 9.281071467965902322e-01 9.227288599055479823e-01 1.210545466195317887e+00 1.051424601470450471e+00 1.002120925345568514e+00
9.971971467009158596e-01 7.656023383078092159e-01 9.417171572721027006e-01 8.393934054199391204e-01 1.003336282763673148e+00 1.010587810179296220e+00 9.946860767662955016e-01 1.013316380039762654e+00 9.322668642813310980e-01 1.085802374181860541e+00 9.942182424771812688e-01
1.014157621599814929e+00 1.045042512161588277e+00 1.073378322839422250e+00 1.091884412584109398e+00 1.169690121443269115e+00 9.515616739028563975e-01 1.052732909931747507e+00 1.014781219109011756e+00 1.186821269811150437e+00 1.080375351991068822e+00 9.951131325979402087e-01
9.858061686979942007e-01 1.013931089960866005e+00 8.584309687352597029e-01 1.012756849672622694e+00 6.811948520359618620e-01 1.063463255109021288e+00 9.250734142127718940e-01 1.052993762518353416e+00 1.036915170870579272e+00 9.643795305991349487e-01 1.001215047406761371e+00
1.006357815827374047e+00 1.087479801583707495e+00 9.548702774723903941e-01 1.140357480440637117e+00 1.109074005492568737e+00 9.709902604594694564e-01 1.064444732965687868e+00 1.087551663874182672e+00 1.105609588552659561e+00 1.093307438194947023e+00 1.002263590718024400e+00
9.705931576455141263e-01 9.645964601937542238e-01 1.054428253102934754e+00 1.169528700480352734e+00 6.360145947660253984e-01 9.254909183208543944e-01 8.957974407771742698e-01 1.033257954043268700e+00 1.025059972738132874e+00 8.172186998918080647e-01 1.021500140874562312e+00
1.007943488560099965e+00 1.143546691419417893e+00 9.738518830881497390e-01 9.265435435233817518e-01 1.210680346162609222e+00 1.065208079475372660e+00 1.060939422941543198e+00 9.740811207684969553e-01 1.247384529296606592e+00 9.949863872199764536e-01 9.932501011085951292e-01
1.012506025297322809e+00 9.760814207268682097e-01 9.983859350816721712e-01 1.016577776791774745e+00 9.658655906716373529e-01 9.854435365870135577e-01 9.967011581250181385e-01 9.612969797401453853e-01 1.009394554878710215e+00 1.208149023772322472e+00 9.837303883834153106e-01
9.916001160535118375e-01 6.881401619321774188e-01 9.430499502873102013e-01 1.013147452298168716e+00 1.162559597194158245e+00 9.455572073033099434e-01 1.028519664427307800e+00 1.002135570175317403e+00 1.120930187041597526e+00 1.157826214473273385e+00 9.930681774033409681e-01
1.016875927526476708e+00 1.117442511839716879e+00 9.978157267665194174e-01 1.027205079911194918e+00 7.855015050825722156e-01 9.849909304219751638e-01 9.245670666730783083e-01 1.201607679831065312e+00 9.308331251643612303e-01 1.007630755762558117e+00 9.994143458469082475e-01
1.008804114165921861e+00 9.830326068116810312e-01 9.245543478094790935e-01 7.651154236775408179e-01 8.080305502365814352e-01 8.388183415857402014e-01 1.006870443790670366e+00 9.554961078285256759e-01 8.208866828414228545e-01 8.750065368352381023e-01 9.817278002778770940e-01
9.943448135559644907e-01 8.070287956712883792e-01 9.940709259040386714e-01 1.078218740975520618e+00 8.178783047350581814e-01 1.134433983683095892e+00 1.035652196688452875e+00 1.010995143541275398e+00 8.299144108207002768e-01 7.997245323438071374e-01 1.000144354109696154e+00
1.005966509662750585e+00 1.369951029335990889e+00 1.068481703187314169e+00 9.650010013303259582e-01 1.575960131329243286e+00 8.954301602119549841e-01 1.021643401722220235e+00 9.527384966662513222e-01 1.035748892107837493e+00 9.212115198202266431e-01 9.948551127711101616e-01
1.004851826758838662e+00 1.032165481841520904e+00 9.553676950525875622e-01 1.033291067682701403e+00 1.057615986547756348e+00 9.860520024510522896e-01 9.314814680208343134e-01 9.803405997075066436e-01 8.372374380820050144e-01 8.464970881694158233e-01 1.001346337573646883e+00
9.913159947538060512e-01 9.177015161688133471e-01 1.042443218735262800e+00 1.200793649679615882e+00 1.078735566805606005e+00 1.032281173179622868e+00 9.817444497029977901e-01 9.529341743326870118e-01 6.711089947178712212e-01 1.167055757029408891e+00 1.000609361104888073e+00
1.003448508139887618e+00 1.431158671555491591e+00 1.008677764195464510e+00 1.147662255720854452e+00 9.795257823206353631e-01 9.397271304788652468e-01 9.543937412766229089e-01 9.599776716031455104e-01 3.590134787918082271e-01 1.346101269290588487e+00 1.019370757353803336e+00
1.010457063612995698e+00 1.100907595493064939e+00 1.018754230283922979e+00 9.907153218154337582e-01 7.692230890422003808e-01 8.614335976174849474e-01 1.019445742578367398e+00 9.888767622902406851e-01 7.080339890478675180e-01 1.077731949507212850e+00 1.012623554866431741e+00
1.014381833118197074e+00 1.176562094001570857e+00 9.890266561543895607e-01 1.114446062535729531e+00 8.866708024175641301e-01 1.026301496329808050e+00 1.042677170994896763e+00 9.484934561161649791e-01 1.194465861973775578e+00 1.191175900986059411e+00 9.875446029196279785e-01
1.000305836470353871e+00 9.803107239959926167e-01 9.705973588902614413e-01 1.047242500154532907e+00 7.292519838609881067e-01 9.797726365758336886e-01 9.333979465108658280e-01 1.050090704937811203e+00 8.312109746002523947e-01 1.138938614145781347e+00 1.016543050154616656e+00
9.897461888967827859e-01 1.076843635804441313e+00 9.555761790092841546e-01 1.138909925181966099e+00 6.322736405565356765e-01 8.863813572304192201e-01 1.038696442682333076e+00 9.770855401420597275e-01 6.402616739851163530e-01 1.016145363991716843e+00 1.004239553204932855e+00
9.970339434417956337e-01 7.594907422597345636e-01 9.715959850629571903e-01 8.617853992255922746e-01 1.124833328304285951e+00 9.439719097608660903e-01 9.894720696630565637e-01 1.056926729904243301e+00 8.688671595330784703e-01 8.996877442971344951e-01 9.969513819186535120e-01
9.895511092240660833e-01 6.802258980715524261e-01 9.545021039404291141e-01 8.494051762360977920e-01 1.078234565260491440e+00 9.758853062410398627e-01 9.484921499923872901e-01 9.811297645277226032e-01 8.527217917407480252e-01 1.162875030672221088e+00 9.846309948852659533e-01
1.009559601208644297e+00 1.158282723537163328e+00 9.672494598575640534e-01 1.070361403778073761e+00 7.500226185127505385e-01 9.435240969310338954e-01 9.775759078375203526e-01 1.175191330468078776e+00 7.739583926384339119e-01 1.148951977137485647e+00 1.001104007212274771e+00
9.997900570862782166e-01 8.971446510473266578e-01 1.002409682754080267e+00 1.094949729696411467e+00 1.096958764503904504e+00 8.895726414654663294e-01 1.002000671506184881e+00 8.650048365404123807e-01 6.531143501178457988e-01 1.172584774624748860e+00 1.012378302772786620e+00
9.916797600743924024e-01 1.130290570551058416e+00 9.696223782741336672e-01 1.048186487018224256e+00 8.847043476396121431e-01 8.983222934594001785e-01 9.260462876282475886e-01 1.119290490272576433e+00 1.099726412384034457e+00 1.092543893117450704e+00 1.007516891449134588e+00
9.942252295727519451e-01 8.656936394774646937e-01 1.061588232895057660e+00 1.063690267269010281e+00 8.551988277717544884e-01 1.042941272879612580e+00 1.027796301117971600e+00 1.187504726131841881e+00 1.278140949287529748e+00 7.516991637189713860e-01 1.010530749646415760e+00
1.015778624003414565e+00 1.117163571966202751e+00 1.000199894119408128e+00 9.202881147684613961e-01 9.753079715439657571e-01 9.810110528229082361e-01 1.003664212795267074e+00 1.073718076423060497e+00 1.254982835479571568e+00 9.721495857124075046e-01 9.926612965643404340e-01
9.948811748952403056e-01 1.092454360808398750e+00 1.005982882325861416e+00 9.883352947683039513e-01 1.058780072059778865e+00 1.125874737947507809e+00 9.848449794102343002e-01 1.233601148108818046e+00 1.321593306583137117e+00 9.142346447242101215e-01 9.956019169137273472e-01
9.989383195887555633e-01 1.050971005882992193e+00 1.026081162815680736e+00 1.073065801374941231e+00 1.247325036606817594e+00 1.052942083426411157e+00 1.054462125909030767e+00 1.089448873076207525e+00 1.218137053257619007e+00 1.061170980592358593e+00 9.885726469444744424e-01
9.999110090689824482e-01 8.864464715201342271e-01 1.041303156764659787e+00 9.858019398730768490e-01 1.008049469921545871e+00 1.029084326167644337e+00 1.082975673080813994e+00 1.040548686636866282e+00 1.208900520525549860e+00 9.210915670445337655e-01 1.001647205699579324e+00
9.864246513059070631e-01 9.136186687951550756e-01 9.753790309907027778e-01 1.027007854019325706e+00 9.806047123323007320e-01 9.767411758066854022e-01 1.004194706581219787e+00 8.565049880419892681e-01 1.276523234575088761e+00 8.852477239157862110e-01 9.988903290810313695e-01
1.011732765088191544e+00 1.052281386216610937e+00 1.136101546418686770e+00 9.575261126068528306e-01 1.079267116153613815e+00 1.018998836494281246e+00 9.043436343062071225e-01 9.867575506215302550e-01 9.094646599913759344e-01 1.130734033283502082e+00 1.000180035058441552e+00
1.003518191530383019e+00 8.988801964279961032e-01 1.054664109981365394e+00 8.674009813093529475e-01 9.854061693536236843e-01 1.040814247166557793e+00 9.248731644856377221e-01 1.076402932602681606e+00 1.313649195758443966e+00 9.511462101393812762e-01 9.937602055118810451e-01
1.005387827168561010e+00 9.816107579853011744e-01 9.234355723534621863e-01 9.297242569058787875e-01 6.096764120207917026e-01 1.050197749801037528e+00 1.150229537600970353e+00 1.071481353755305621e+00 9.108460196916018381e-01 1.063392579252183667e+00 1.002725017472313906e+00
1.016672251197080490e+00 9.022014131921683999e-01 8.820889013824630975e-01 1.024347175511532759e+00 1.194751242289207482e+00 8.000831463352154893e-01 1.017328116027955920e+00 9.355885588622556703e-01 1.378731349655704763e+00 9.884923656124295910e-01 9.953495685139287508e-01
1.013979711988486798e+00 8.759620515843905553e-01 9.264835662997642496e-01 1.042998337050565771e+00 9.535196442735494049e-01 9.163545889144423251e-01 9.563912255762312409e-01 9.945250149259694528e-01 9.960886208289245758e-01 1.116767047781805688e+00 1.002331021578403814e+00
1.002251741571893673e+00 9.713236667005354930e-01 9.600923411980211153e-01 9.401827112090547223e-01 9.966469434533766769e-01 1.108730257159016297e+00 1.079284490447128375e+00 8.990530973596089215e-01 8.835712332105871702e-01 1.105465941514535810e+00 9.974475493339119980e-01
1.000868954695830926e+00 1.139008727336728644e+00 1.025282777875064832e+00 1.028444228998135923e+00 9.519528248211817090e-01 9.664999630941157882e-01 9.521037783808623534e-01 1.127098570984349513e+00 1.038575116452577163e+00 9.087212364183830937e-01 1.000926809745176227e+00
1.003393572844251791e+00 1.001095827456578879e+00 1.008830135118659266e+00 1.075672749868673339e+00 7.681815776290727982e-01 1.028853804775528014e+00 9.275507791385857459e-01 9.465877715605262033e-01 1.432347116013849231e+00 8.912367422122916549e-01 1.009846837590699486e+00
1.008714698635686302e+00 9.835791828207677279e-01 9.808257342864660222e-01 8.146749522533138776e-01 8.936577865424113476e-01 1.115675629748762221e+00 9.433791585147649483e-01 1.049396593552434975e+00 1.195118727536129022e+00 8.935435781586608117e-01 9.970092364512663785e-01
1.003914394004272292e+00 6.509130086534138382e-01 9.679789256596839087e-01 9.922738647410473956e-01 1.036620561083773984e+00 1.016700877130657377e+00 8.893433402365248375e-01 1.204480232051021726e+00 1.091970409472525549e+00 1.071944041820831695e+00 9.774286832625701527e-01
9.912050554381602874e-01 1.241181659308182361e+00 1.013027825985087782e+00 1.141483310133536877e+00 9.247809033419673863e-01 9.085181195071595495e-01 1.053310237331389398e+00 9.716924939997784172e-01 1.251798350574525154e+00 1.180416643903000606e+00 1.004741997358526540e+00
1.021806417210719520e+00 1.021306661759176615e+00 1.001196922892084062e+00 1.148648943760906649e+00 1.028381275897922498e+00 1.030891582058182543e+00 9.167247161883390616e-01 1.199101124356712900e+00 1.042238246253533118e+00 8.277459967695564025e-01 1.002184131636929099e+00
9.912887750008619880e-01 1.000617825778298942e+00 1.000749403583125030e+00 9.353770732707037405e-01 6.149396414988532733e-01 8.671622658243463011e-01 9.672521005450693821e-01 1.084690712261583645e+00 1.031697901376042559e+00 9.563640789139686849e-01 9.945145778260618963e-01
1.005721247232751248e+00 1.116470130998673982e+00 9.590299519693370467e-01 7.921144879049275556e-01 9.643065809925890353e-01 9.236377240605865291e-01 1.071198401060688754e+00 1.065780498558603240e+00 1.067472966904731813e+00 9.010432820620747352e-01 9.977755267235384196e-01
9.883750330302750742e-01 1.094207391157395071e+00 9.522115499297122421e-01 8.188638094083260377e-01 1.049511939562961960e+00 9.955602771208371671e-01 1.089398293835561082e+00 1.093610544129676843e+00 8.951283266823651941e-01 8.338104053658220716e-01 9.951948897537301608e-01
1.002468411999630327e+00 9.433455978974752965e-01 9.730584087401392690e-01 8.486370810271529619e-01 1.021505153851970826e+00 1.034347994057605691e+00 1.003101059917454574e+00 1.007843288762656941e+00 8.894401047540954064e-01 9.802925290768955691e-01 9.950209907560135791e-01
1.008615945220146859e+00 7.533438061833767074e-01 9.561230383669686583e-01 9.868667847921782643e-01 1.409580353093317973e+00 9.135404117784657885e-01 1.028336175030230670e+00 9.938178510109645369e-01 8.104898433692006021e-01 9.024388114751131784e-01 1.016701629628055992e+00
9.966292399052811835e-01 1.167965066176033018e+00 9.952133939859511003e-01 9.750780866573044436e-01 1.111070879410148482e+00 1.117059250761716527e+00 9.235523465468307158e-01 1.038293226423604665e+00 8.346251986847241788e-01 1.110073964991516560e+00 1.004793796324441768e+00
9.925559803470628273e-01 1.278352314317185767e+00 9.121062459005604417e-01 1.020961460906759211e+00 1.156726350694962324e+00 8.404988488510372058e-01 8.807574668848632271e-01 1.167099383099202692e+00 1.176741754482491853e+00 9.256270942602808915e-01 1.026383063835232923e+00
9.995873791037513945e-01 1.066330949477340750e+00 1.035574938299320014e+00 1.039242109001095260e+00 8.482065262819069584e-01 1.084742081354017174e+00 9.687411627158856176e-01 9.904191259020548310e-01 6.053023039562711594e-01 9.731066310639467920e-01 9.890149055862687000e-01
1.007211250721180340e+00 1.057326784779160089e+00 1.006277176236253679e+00 9.230376008754472839e-01 9.429447630325554774e-01 8.804495929650907327e-01 1.105443080231391928e+00 1.122296577240156523e+00 8.994360436154400507e-01 9.098659174787718795e-01 9.927625880504590272e-01
1.012243559621381017e+00 1.097433082955806549e+00 1.047534810811408201e+00 8.365318796778227206e-01 1.157524511287510549e+00 9.332784560022493459e-01 1.077147800884611595e+00 8.840857744856597256e-01 8.847499942696872566e-01 7.136501113100497395e-01 1.006513162458865018e+00
9.723656184380183864e-01 9.543805836196906922e-01 1.058380767412344436e+00 9.828994459707196540e-01 8.607460167576133081e-01 9.675056649332498537e-01 9.874127574688242870e-01 7.812778843295561382e-01 1.023251146304796189e+00 8.183740004938531154e-01 1.007810063195399453e+00
9.981553449771332076e-01 1.006516172367593276e+00 9.445180239182039417e-01 9.991040983531730424e-01 6.624602364862629544e-01 1.092700690232624394e+00 9.455123015134050402e-01 9.378303096365624425e-01 7.557158536969325047e-01 1.104000318240464074e+00 1.001870620570252557e+00
1.009746993274817983e+00 9.615883221811472037e-01 1.032704283853296268e+00 1.105833337319253262e+00 9.368326768585456543e-01 1.282938517874771645e+00 8.929495155944319196e-01 9.732911257307181874e-01 8.156410611332901572e-01 1.131894778614590091e+00 1.011034277947647775e+00
9.961254339840877048e-01 6.316773236944559500e-01 9.303486725121959955e-01 1.068993743939042229e+00 6.736959352712781346e-01 1.027487865530805511e+00 9.092130359010376361e-01 1.027160042638974202e+00 7.768141209541730152e-01 9.739294927987114381e-01 1.002499420164160382e+00
9.943067321581866569e-01 1.057820642864541805e+00 9.475642732521880607e-01 1.103883251885783068e+00 9.072331733736023196e-01 1.177146178904245222e+00 8.857110523236897404e-01 1.064704445975506619e+00 9.972595613554395833e-01 9.197112572824994725e-01 1.006384850774068251e+00
9.694022910946294980e-01 9.225076132481981883e-01 1.015920745751442755e+00 9.720330644182509916e-01 9.113932343115624946e-01 7.833413868960612536e-01 1.057273343974376223e+00 8.684765633966753384e-01 1.409167452428321532e+00 9.830972831988815663e-01 1.013588442906592668e+00
9.909488577012305344e-01 9.440270608146783538e-01 1.010976772580681970e+00 1.245242990939951833e+00 9.152271925115742501e-01 1.043017467337573834e+00 9.059126776412910198e-01 7.763338160805435262e-01 1.026906179602078195e+00 8.644309690326037465e-01 1.012928060434633792e+00
1.003408934176650558e+00 9.304539824955625482e-01 1.009161512725043286e+00 9.945006538048124511e-01 6.289829512277937962e-01 1.171553390035440456e+00 1.032774465205841929e+00 1.064106918263941104e+00 1.052895375190589622e+00 1.110944162856508877e+00 9.852617591489758464e-01
9.985444612021480149e-01 9.427339601131613511e-01 1.028429186684881591e+00 1.143731058347072560e+00 5.327840238862660005e-01 1.031383051438365950e+00 1.140866067262084504e+00 9.533008968936231842e-01 1.145862446782175414e+00 1.092248371579333854e+00 9.961539829599503904e-01
1.004549201642515488e+00 7.301635289588630506e-01 9.193151343159754463e-01 1.062756888259378973e+00 1.054944782277861037e+00 8.571267738866157337e-01 9.239053011445249597e-01 1.041954427847122000e+00 1.368332192333537201e+00 1.094963043744590303e+00 9.941050861295069874e-01
9.951164890690623599e-01 6.633953959870246830e-01 9.814248853021706465e-01 1.161431418192933052e+00 7.363502199286194871e-01 8.249475885826191845e-01 9.117599866530483599e-01 1.009777506861743390e+00 1.140044600703502109e+00 8.602686836124112668e-01 1.009110152206603273e+00
1.011545715571080750e+00 1.102824909307928536e+00 9.256448072026166596e-01 1.021472912519965304e+00 1.056398774971937016e+00 9.926758948069278610e-01 9.342255337225542355e-01 1.143606750143132844e+00 1.124431644459781943e+00 1.022208675233493125e+00 9.928139054617544090e-01
1.003108580319913123e+00 1.306658730372450172e+00 9.619334588874688396e-01 1.036732057882096436e+00 9.336924537394203361e-01 9.620607746717819708e-01 1.063301541014944673e+00 8.744067576649741103e-01 8.174424656712981907e-01 8.991576687622490072e-01 1.013126881425568948e+00
1.009384028498218067e+00 9.986002446809837396e-01 9.833059821398566491e-01 9.633088768746254082e-01 9.416477555661026955e-01 1.054813145934764940e+00 9.557972617461224507e-01 1.171599051396736924e+00 8.912511791859273336e-01 1.254353127293883263e+00 1.005099978338478417e+00
9.974926377575190628e-01 1.027563652006707517e+00 1.010749792955279114e+00 9.447108371791204107e-01 9.870167163430008106e-01 1.003127966198407606e+00 8.259020597208479586e-01 8.876079518246411393e-01 6.133046205454615318e-01 7.834567576018744983e-01 9.952989702477669232e-01
9.967305524104916881e-01 1.081509179031004519e+00 9.987694758792435845e-01 1.037032649620940106e+00 1.166115794911533943e+00 1.054470923956875250e+00 1.193797395930018990e+00 9.818439831586801558e-01 8.005496953144211059e-01 1.112814626758886982e+00 9.962912378531634250e-01
9.902304437214567434e-01 1.003933526894730921e+00 9.699019010185669920e-01 9.517495095698303986e-01 9.982393522781779494e-01 8.992470462572013101e-01 1.069358409889336059e+00 1.111077770453839042e+00 1.190540195298318782e+00 9.354795006394990287e-01 1.006342504426760209e+00
9.871673712515997012e-01 9.825637000503321117e-01 9.310360872012599653e-01 8.061355247186804407e-01 1.215775880375050688e+00 9.121418356804330552e-01 9.028928349098840345e-01 9.540351655904317774e-01 1.124787152393000644e+00 9.058801870179680193e-01 9.861596189007753033e-01
9.821715320581907438e-01 9.007017854483102548e-01 1.016883242412872645e+00 1.028097006152643100e+00 1.299423894337305763e+00 1.202773492058248239e+00 1.079649508345051911e+00 8.343080471744230842e-01 1.474470638868348615e+00 8.828125664393011718e-01 1.001117037398956411e+00
1.004156822290373396e+00 7.769161722947846016e-01 9.830630146186402074e-01 8.000548433710608087e-01 6.510641771978400438e-01 9.771411721049896304e-01 9.547328970215925859e-01 1.086798514572381302e+00 9.158809448018822019e-01 1.057254419611446838e+00 9.739485951419137866e-01
1.010143047188140963e+00 1.024512369731209960e+00 9.661541688201323863e-01 7.174844713101371507e-01 1.113785388361359319e+00 1.085679043874399063e+00 1.087767415265747939e+00 9.145330366805977107e-01 7.203386897045253034e-01 1.028474825962273798e+00 9.925708983921305295e-01
9.869408207083141260e-01 1.130477763386016576e+00 9.704541163754195621e-01 8.857072448219078797e-01 8.741129790620418838e-01 9.940845734990952920e-01 9.431406277382238246e-01 1.015227204449901111e+00 8.382364157915784819e-01 1.230821431730162008e+00 1.002854461674077324e+00
1.006430457798353606e+00 8.119071920463666325e-01 9.723805933714512184e-01 1.072716346688664002e+00 7.040410464897606246e-01 9.816429569620436224e-01 9.612585010705005928e-01 1.050965791075141764e+00 1.059333759374768924e+00 1.076600914566376854e+00 1.001964207482042513e+00
1.017016638696067510e+00 1.070049964533572817e+00 9.750454845250147162e-01 8.320621880942707937e-01 8.997424328040890540e-01 9.625597049608111133e-01 9.979635696922040111e-01 1.067819067303347413e+00 1.090582783777233278e+00 1.132302848875470502e+00 9.828538118254044331e-01
9.949357818126853825e-01 1.182071229381129518e+00 9.918253909339378449e-01 1.019490036253168030e+00 1.189696719328176000e+00 8.355096832105047833e-01 9.375462176361296640e-01 8.045378725812728504e-01 1.095193085216298323e+00 8.227566305532563184e-01 1.006901511751444600e+00
9.945912274210260140e-01 1.176975551017040544e+00 9.967798262747327165e-01 1.001793468286357403e+00 1.167168285912990155e+00 1.009379610719568721e+00 9.948661592679752808e-01 1.287591987076920574e+00 1.050832081195917311e+00 9.891559843280353093e-01 9.967355374856392558e-01
1.017942856954012987e+00 1.155514413730512668e+00 9.795770943650212725e-01 9.659310478368259290e-01 1.342138694195261994e+00 1.004225766144269949e+00 8.685713880576235724e-01 1.091610108709078597e+00 9.987543534680226598e-01 1.066000272593256470e+00 9.875930797896066426e-01
1.002029573114396221e+00 1.043295260753092535e+00 1.060716954646651056e+00 1.047664493590729995e+00 8.615467022527772967e-01 1.181243538637446910e+00 9.869778434119640398e-01 1.059689236773011300e+00 1.066592912084789013e+00 9.175632444157272305e-01 9.869547899341758468e-01
9.958494805950484086e-01 9.130417053722051923e-01 1.023288773106848959e+00 9.458830180545564348e-01 1.251461563402021637e+00 9.561637039958805762e-01 9.933039648038280989e-01 8.285060764547689249e-01 1.093931801498943646e+00 1.058554174835822703e+00 9.805583726118647370e-01
1.011866467240706502e+00 1.019773823801434665e+00 1.006894530687411082e+00 1.023966254139164533e+00 1.222827682922277504e+00 9.932270416149263648e-01 1.007827644174177362e+00 9.008116028774715289e-01 9.673584409658425587e-01 8.474676735585564558e-01 9.976477069261683317e-01
1.018544749615879930e+00 7.198837669600932632e-01 1.020607271626448931e+00 1.142879811038316484e+00 9.452383812162500343e-01 8.518906681219597932e-01 9.646855765771862323e-01 1.070092467217145682e+00 1.113544294320051087e+00 8.675833570477614609e-01 9.855972056835670125e-01
9.889720834634605495e-01 1.113900892559643641e+00 9.292904999020566992e-01 1.230645055028380952e+00 1.031275632195450154e+00 1.035525709879153489e+00 7.878088519493260389e-01 9.692092689782779713e-01 1.265175034886016903e+00 1.037081915598653037e+00 9.960467928211181876e-01
9.932110640287156178e-01 1.009198192803006933e+00 9.762903585495364966e-01 1.077685436659955975e+00 1.243278419941231228e+00 1.114099933675464005e+00 1.065664277652303094e+00 9.763471748990062427e-01 1.058167082568640227e+00 1.351446028846452041e+00 1.003288436981022658e+00
9.957542909837581169e-01 1.330371041011167543e+00 1.087045666198771965e+00 1.014749057445104574e+00 7.909038336040250528e-01 1.036901688530400323e+00 9.872705427106747145e-01 9.809031750308297992e-01 8.398528111084299086e-01 1.119270836212514775e+00 9.897880137093694186e-01
1.003710049866554987e+00 8.240845507941105819e-01 1.037465072632782981e+00 9.076317965194979909e-01 7.986630366642085699e-01 9.910683707613949789e-01 1.042393992573993122e+00 1.134493857227067304e+00 1.245927467062777794e+00 8.478994411759950278e-01 1.009347400772514503e+00
1.004873661289327869e+00 1.011297697362414372e+00 1.013387535596185440e+00 8.973493103896137413e-01 8.797991053916011106e-01 1.118222592994505327e+00 8.416733158955168603e-01 9.668333744514747696e-01 1.011266111529585343e+00 9.760381350589076854e-01 1.010036230159499393e+00
1.014827187616144322e+00 9.489244389421267467e-01 1.040437972995266414e+00 1.026713597384717902e+00 8.251247151117313550e-01 9.189696107880106490e-01 9.526162906446338230e-01 1.084396846410764059e+00 8.260151127735049226e-01 9.698644573667395408e-01 9.950714399879428962e-01
1.004791130108137587e+00 9.465308930856872749e-01 1.025793051101096420e+00 1.120366237624567773e+00 9.510568326269159822e-01 1.042416196521423810e+00 9.761635181627567048e-01 1.129088627996501781e+00 1.281082859943017960e+00 7.956006235047037300e-01 9.960875449786268376e-01
1.024788812256381298e+00 9.980847096485189196e-01 1.086447965050310938e+00 1.113311306355153407e+00 1.064692681748744540e+00 1.095060941550240585e+00 1.058110932212948940e+00 1.120578257573432435e+00 1.070746455999639579e+00 1.077348892732312935e+00 9.796219311326417323e-01
9.992908470453665259e-01 9.537119130710977055e-01 1.020466271012636428e+00 1.012939581499730402e+00 1.351546597467275568e+00 1.067582104385588426e+00 9.852383354935774218e-01 8.317971371356975840e-01 9.543724349218212222e-01 1.081962435693829772e+00 1.007151239501096640e+00
1.016486662895797810e+00 1.141511221507855112e+00 9.892758380092108172e-01 1.091325264619992907e+00 1.114100360081107466e+00 1.034557312817423025e+00 9.084214817734235226e-01 9.165739554569336534e-01 1.178623309867568247e+00 7.937302951494192849e-01 9.998268086365894591e-01
1.005421967235889280e+00 9.644657166067184262e-01 9.903437683336709929e-01 8.161283727896737616e-01 9.357187569332456878e-01 1.048920379485304810e+00 9.971533297212664682e-01 1.057910827899689821e+00 7.213687642691456459e-01 9.406996508997294004e-01 9.947863477455063386e-01
1.005224610047128264e+00 1.249889771995875254e+00 9.637385346624610660e-01 9.879774997574459761e-01 1.045551745261798615e+00 1.105804307468435166e+00 1.144491117474060182e+00 1.091011684569211271e+00 7.259334122628013919e-01 1.248687107901083948e+00 9.987359865032204853e-01
9.930627549315627078e-01 1.047984652134367423e+00 1.037148552880734265e+00 8.907575686294826323e-01 1.136051692379217659e+00 1.075833279633955364e+00 1.188330700079558211e+00 1.017977772743407394e+00 1.219838984387643599e+00 1.015215464917305299e+00 1.004118301431587978e+00
1.016079418586803174e+00 1.014175895317328102e+00 1.029981700422471835e+00 1.078665129340885320e+00 1.053537777763091432e+00 9.754822975503493199e-01 9.477034454353389092e-01 1.062221797771565779e+00 1.115154427992273600e+00 1.005662852946750396e+00 9.971371324415008175e-01
9.852103778801698519e-01 1.140549885545449005e+00 9.467013902228559319e-01 1.090734363956024300e+00 1.514614496477677985e+00 9.934978849788331789e-01 1.025085718429751491e+00 1.257288847682582533e+00 1.130623324372750371e+00 9.792331266827346559e-01 9.973534248050611728e-01
9.973133729382080981e-01 9.700427620826652664e-01 9.955768910017258611e-01 1.038858931848033906e+00 1.263067458467796111e+00 1.212003506403714903e+00 1.032096936266017506e+00 9.956151368554676528e-01 1.258625766370628618e+00 8.459380330828352168e-01 1.012221211244563435e+00
1.002604016462532055e+00 1.274322172671447095e+00 1.027403074572559971e+00 9.601997372907303818e-01 1.062174834843000903e+00 9.686213130020944195e-01 1.061243585720497817e+00 8.224060728987743207e-01 1.117991169818949526e+00 8.926761939395361223e-01 1.013953878079204340e+00
1.001844191124964922e+00 1.063105425144948768e+00 8.910076422620678560e-01 8.598128941391676161e-01 1.134499612668157242e+00 9.820056349512298333e-01 1.015656134726026449e+00 9.677147853360196228e-01 7.174547348429938243e-01 9.044067346406288177e-01 1.000054041094205814e+00
1.009602453182355308e+00 1.137737042135988252e+00 9.203194372461905859e-01 9.795764459440171601e-01 1.139738023015987922e+00 9.226534923193413507e-01 9.459735964301105859e-01 8.828635321970385030e-01 9.536894456659770203e-01 1.155041268850448111e+00 9.954699816234875431e-01
1.005630461313435919e+00 8.320627226115652197e-01 1.050219372279752372e+00 1.007916462155617365e+00 1.175567123895740584e+00 1.076613763754674213e+00 1.068341101258580617e+00 9.480769094600803859e-01 8.881125379680416820e-01 8.920194564325377717e-01 9.788966664533237383e-01
9.940555207301549068e-01 1.222466730911003774e+00 1.023794359393390030e+00 1.005343431558183287e+00 9.312887729247096846e-01 9.334829284730687959e-01 1.062085617660634806e+00 9.328794093638733687e-01 1.055806733479113690e+00 1.043878304447539263e+00 9.998530865385336641e-01
1.008238277815068029e+00 1.173740320583043673e+00 1.056604637844966943e+00 1.079067967833051922e+00 9.620594807584381680e-01 1.113022426096056838e+00 9.123114998738600656e-01 8.851231708829085942e-01 9.807364081107637910e-01 8.772825175612253279e-01 9.942361305501474789e-01
1.000689756564743238e+00 9.673954639212460904e-01 9.426834719910088811e-01 8.723417897366331220e-01 8.477709932323709285e-01 9.918214592352042613e-01 8.738986106934638620e-01 1.135367929667089992e+00 9.335166401209347153e-01 1.076298129302698747e+00 1.001488580026242081e+00
9.952997255326651027e-01 7.550884743380965602e-01 9.804723465711662200e-01 1.014462164892216745e+00 7.816574050465912027e-01 1.163729243850395889e+00 9.288368327695550875e-01 1.019072020121378985e+00 8.413446793732508588e-01 9.245137215318892654e-01 1.002693584888294076e+00
1.003551204888749160e+00 1.093807838587407932e+00 9.871483477759205316e-01 8.944284083659632678e-01 8.575350550173701514e-01 1.128771957049998109e+00 9.837030209600567954e-01 1.208959785360827599e+00 9.120412601270615482e-01 1.250240331150773265e+00 1.004971111610301060e+00
9.960018367863054944e-01 8.473976417205727474e-01 9.273641850867946346e-01 1.164143217586061319e+00 6.760598385940912447e-01 1.044355826710733126e+00 1.004008649936993347e+00 7.904913747525694756e-01 6.016125588960428150e-01 9.896827394765675967e-01 1.006179774709446306e+00
9.906510823203847904e-01 9.933613961229921241e-01 1.063163593485354275e+00 8.802227428154788536e-01 9.448018914457931849e-01 1.024513937821693643e+00 1.008682879957142120e+00 1.059164070417472292e+00 8.030289107360142342e-01 9.454714813200247869e-01 1.017127990972707341e+00
9.903530798077938568e-01 1.015692859405749271e+00 9.822804005498912971e-01 9.919254728779315355e-01 1.183690550777672268e+00 1.084200653193035047e+00 8.624796903377083268e-01 1.035179471307652088e+00 8.560159410252115020e-01 9.593331664052534569e-01 9.822323997838868781e-01
9.994072040607409058e-01 1.049409974449099670e+00 9.858765691334897552e-01 1.178510363680127515e+00 1.095310005684500876e+00 1.111170648411058615e+00 9.741652516345473689e-01 1.114657286507786615e+00 1.068238931600049346e+00 1.100764420450359049e+00 1.003624705411684914e+00
9.838072484170999887e-01 1.061549192856017232e+00 1.057563750030143357e+00 1.042844604694874944e+00 1.044814904082136398e+00 1.020268557346787786e+00 9.918371476042474599e-01 9.680245601213735007e-01 1.197920403520526200e+00 1.168816684856603283e+00 9.850839670150064453e-01
9.796168140558768611e-01 7.786328836454657898e-01 1.004449748640350970e+00 1.130066914404725731e+00 7.948145040254745997e-01 1.250235427441718006e+00 9.955277057890697945e-01 1.129770753703321251e+00 9.949014032865705071e-01 1.018172699474472642e+00 1.000440728679096836e+00
9.843879703540702186e-01 1.140442366117719208e+00 1.040089525412174698e+00 1.059272707586099260e+00 6.961029433504440922e-01 1.020858300663183060e+00 1.019480206809616263e+00 9.110977921023595272e-01 1.317149572420952097e+00 1.164111633326320394e+00 1.004830982139125251e+00
1.013981680485293024e+00 1.014717358315792017e+00 9.746354710455472636e-01 9.550098618249229787e-01 8.687127607228747328e-01 9.775168028679950272e-01 9.159356987858662258e-01 1.001213065541886049e+00 5.612498451933553012e-01 8.974937067966342052e-01 1.018531158969627759e+00
1.001803611854043208e+00 1.196136350055941655e+00 9.915871674905514244e-01 9.475630325102711859e-01 1.177331703732475532e+00 8.971641515426331814e-01 1.001853906661978488e+00 9.719731170489417371e-01 1.100548640718610471e+00 1.186976586725602356e+00 9.872667756753644719e-01
9.880409838423644953e-01 1.156418601088670339e+00 1.018917417781560530e+00 9.089816691642009783e-01 1.191597877457361454e+00 1.156602645631318538e+00 1.082003360894064681e+00 9.064122993971778230e-01 9.270609298943912613e-01 1.030546999676657416e+00 9.906642684228457174e-01
1.017832986249528782e+00 1.043926528713895685e+00 9.860668575017506043e-01 1.042046929402484778e+00 8.310777883376906372e-01 1.006016139514405605e+00 8.964204536098823173e-01 1.034344224784271571e+00 1.233548770303874109e+00 1.118635334911053603e+00 9.960053221573033078e-01
9.942639130016950322e-01 1.137088002621030158e+00 1.046769673892650632e+00 1.159027863232842126e+00 1.200897081633948593e+00 1.074058975776749802e+00 9.479744283553598327e-01 9.263588836182974351e-01 1.421225175783320971e+00 9.493134192129202287e-01 9.948764309542458273e-01
9.997319843074172763e-01 8.630945465451123066e-01 8.781636924722382442e-01 9.424216754197006773e-01 7.564455287086153668e-01 1.058353738961478996e+00 1.006244672678603624e+00 1.033840207316018445e+00 1.188252182482160135e+00 9.837390005495585399e-01 1.005473586975683231e+00
1.007719003510828548e+00 1.200416499246180102e+00 1.013957071565194434e+00 9.653654006856523528e-01 7.532338232794174582e-01 9.880192072400876269e-01 8.833503669136055780e-01 9.283177686862863487e-01 1.231276464374128299e+00 1.115760341490906526e+00 9.946058547850350484e-01
9.986527254260443298e-01 9.542886010108474482e-01 9.990505560971808530e-01 8.957513256092913823e-01 1.055642997825960272e+00 1.046189692186134002e+00 9.934934734359810449e-01 1.119024860961101320e+00 6.985399160328816803e-01 1.138264247224155978e+00 1.007587650905852339e+00
1.004315648912828873e+00 7.811005781909990953e-01 1.027571183538028343e+00 8.813760563054249264e-01 8.205837319942991259e-01 1.070300264065594531e+00 1.037761967089321002e+00 8.902893057208639549e-01 9.202871660954951016e-01 1.065524908194272147e+00 9.891119589016401648e-01
1.007977594475708560e+00 1.021188609248975254e+00 1.060463140298195439e+00 9.234073264078933585e-01 8.761083181058254565e-01 9.283447772157396027e-01 9.802928161944074459e-01 9.201353155283413798e-01 1.049286902817859302e+00 8.757261788226115007e-01 9.899956220683467922e-01
1.003248188270427610e+00 1.090294154095528656e+00 9.846698504368820437e-01 7.739621887104400910e-01 7.431944570597979194e-01 9.508931398851885319e-01 9.064187746983369820e-01 1.075099280312338923e+00 1.125756166082334087e+00 1.003602959398121497e+00 9.943927689849342277e-01
9.941666735869464366e-01 1.106821442676110712e+00 9.915138842488990800e-01 1.038060459018583792e+00 8.245952154523599198e-01 9.142306915706601700e-01 1.011632063082294586e+00 1.181703476197337510e+00 7.494763001831776794e-01 8.808539881705224062e-01 9.981795681386961272e-01
1.004132146533752712e+00 1.102412863475737748e+00 1.065419019705517556e+00 1.015184019863643705e+00 7.185260976754000994e-01 1.238378985720204550e+00 1.029073837410242609e+00 1.008567313513221819e+00 9.474927730741280474e-01 9.990247176742809154e-01 1.003111291474297229e+00
1.001920606859987073e+00 1.202003711283152754e+00 9.991603991132859131e-01 1.029603571897592218e+00 9.762196902896430606e-01 9.417538725444798420e-01 9.401229253559433285e-01 1.049779407815044419e+00 9.155739859484003373e-01 1.128922698643614275e+00 9.894157230814181192e-01
9.901071080400803970e-01 9.322789239683636486e-01 9.623733959250514447e-01 1.004023949174098318e+00 9.408111184432692564e-01 8.893702681444568547e-01 9.173939084620934548e-01 1.096301558916096930e+00 7.311490223425392010e-01 1.099868355649164187e+00 9.831732814203351101e-01
1.013153398444756936e+00 8.587914202742937819e-01 1.020880807242492860e+00 1.007193739761414797e+00 8.808806052747597537e-01 9.785982587044678160e-01 8.354858470734398690e-01 9.721484890162495063e-01 9.639672548870892310e-01 1.107049602248908915e+00 9.880976936808941735e-01
1.001429195294001762e+00 8.213640969052691254e-01 1.014977994782201964e+00 1.121169541479696719e+00 9.023801608657511242e-01 9.961764460673502297e-01 1.007278274409083574e+00 1.086402226831507223e+00 1.292778328893282369e+00 7.101782630052189127e-01 9.835234248217923358e-01
9.990849958427775457e-01 1.108419655124120107e+00 1.036684331468749276e+00 1.137298416505922560e+00 9.925171224905406930e-01 9.000770412685135113e-01 8.987684535959219456e-01 9.860687054359675852e-01 8.396343218639286121e-01 9.872091202087805994e-01 1.009433317143239472e+00
1.022852317767380281e+00 7.638428263207333035e-01 1.021936967411340769e+00 8.423862162454031077e-01 7.525349359988895426e-01 1.068290101594005170e+00 9.883863481862521505e-01 9.153441389523888638e-01 9.419794070969291777e-01 8.940244463942093045e-01 9.770244854413434599e-01
9.813176269532685181e-01 9.449448448087779395e-01 1.058992811901073194e+00 9.073786214986040433e-01 9.953140135931951571e-01 9.789585915380590864e-01 9.589312129019866848e-01 1.141057756830573311e+00 1.164457702422730945e+00 1.008751167146541228e+00 1.010760718977965489e+00
1.002280303199062583e+00 9.805104971028683059e-01 9.540504871942967480e-01 8.454329993979980973e-01 8.991629942842551682e-01 9.779288327261805858e-01 1.110531033354867692e+00 1.106879179626403920e+00 1.180150275535001514e+00 1.125763543078942108e+00 1.007619369437247725e+00
1.007564388331559480e+00 8.835517287695825450e-01 1.104407101148563441e+00 1.029078904591826937e+00 7.748107843842148013e-01 1.114633883678576742e+00 9.360276545943160276e-01 1.060274127318190818e+00 8.833782046560405554e-01 7.668470676525227514e-01 1.003233914815124805e+00
1.033260769359751086e+00 8.739319280835657899e-01 1.042907088176132424e+00 1.024035797225084865e+00 7.779977720477943004e-01 1.255200906407843986e+00 8.916538763050676497e-01 8.616019155654481843e-01 8.985363715670023899e-01 1.013727982673295891e+00 1.005177256367189909e+00
1.011240123305244376e+00 1.154389256507783790e+00 1.009667060309993536e+00 9.224454788807855410e-01 9.962515439820943675e-01 1.087412894025453047e+00 8.955990560177790050e-01 1.240205240583329704e+00 9.827118897853431845e-01 6.125932433960610268e-01 1.015256216758257057e+00
9.947880374006700110e-01 1.083271858851354130e+00 1.012271656956213128e+00 9.764261196067723914e-01 1.362652527637892241e+00 1.098029754497682475e+00 9.278639089323577060e-01 9.191191180807848360e-01 1.122781131927257148e+00 1.090886607181147161e+00 9.843230600574151001e-01
1.004955343279494206e+00 1.104105085920177087e+00 9.400733221237441706e-01 1.088988984937697913e+00 7.421675918534977878e-01 9.989881989217270775e-01 9.582994822127351986e-01 9.634765490783616659e-01 1.003351862763743663e+00 1.210385364764724248e+00 1.000405631888630076e+00
1.007348664097965418e+00 9.401519333825247848e-01 1.011754520907628851e+00 1.044360300425881682e+00 1.148906631174582582e+00 8.603235731611051929e-01 1.067710024561525639e+00 1.003857705840373926e+00 4.770922422209776803e-01 9.591776309421939928e-01 1.003382653258384938e+00
9.826959755640807259e-01 1.002406367672244558e+00 1.044472661848563577e+00 1.034081672008549502e+00 1.119009179861753411e+00 9.486130474477126873e-01 9.733362854763781824e-01 1.007485192144430108e+00 1.171594313391869813e+00 9.028765502974778201e-01 1.028401050015498530e+00
9.911569747098745164e-01 1.033256919614154556e+00 9.494052953941599649e-01 1.056899193889130117e+00 9.299361241956654034e-01 9.295101962087862768e-01 1.030416166290815561e+00 9.706681271043139381e-01 1.201805564904663726e+00 9.508209738109567599e-01 1.009711113935077398e+00
1.001343396634681193e+00 7.731522803623004370e-01 1.043865287178860513e+00 8.478328643128058006e-01 1.269684367865499430e+00 9.715051567419763501e-01 9.809804990886573650e-01 9.961827369676027333e-01 1.107998291834908056e+00 9.273864392025144010e-01 1.000992178278175659e+00
9.878533064074378478e-01 8.611119854902617998e-01 1.051663657955407727e+00 1.004328573449805306e+00 8.711961911511403311e-01 1.006397057981204046e+00 1.000462790638369626e+00 9.189332171815850492e-01 8.494781236950038616e-01 9.326665187959028991e-01 9.964591589699625107e-01
1.008900076577432969e+00 8.916735764861176694e-01 8.984981147503017240e-01 9.303913496292768315e-01 1.145488631689843384e+00 1.101987060136049523e+00 9.496256936390107262e-01 9.893950099859484260e-01 1.141342177332929531e+00 9.036738964611592539e-01 1.017832880021367847e+00
9.963989491279722222e-01 8.376970340024161299e-01 9.171328068731794403e-01 8.797971353986321352e-01 1.052589427571318570e+00 1.080505544731911849e+00 9.554562525274279405e-01 9.147873721043784379e-01 7.601274093448046054e-01 9.852348210220382985e-01 9.838897206160452935e-01
9.892947117785161337e-01 7.622562386666795753e-01 1.030537929440739520e+00 8.684630925361735976e-01 1.132779950628618248e+00 9.221584912536121559e-01 9.579519747941812602e-01 8.984051030463674481e-01 9.526157676279006781e-01 9.614872096477733443e-01 1.005937973789268414e+00
1.009252237160381371e+00 1.085911446108301259e+00 9.792637301322614229e-01 8.910257288900136352e-01 9.059593443134548174e-01 1.088345478944694467e+00 9.603047797390787954e-01 1.027850531780255539e+00 1.360386120880742844e+00 9.575410569032314356e-01 9.978171512071200011e-01
1.007594070889546556e+00 9.217268136874157136e-01 1.011927865207082444e+00 9.825931160694113542e-01 7.443421872302491415e-01 1.025533445606582106e+00 9.470575868657568064e-01 9.920508433989170261e-01 7.619877149374307823e-01 1.086272096772257001e+00 9.896723158288951439e-01
9.853884564069336216e-01 1.249015336584664349e+00 1.068085619135316966e+00 9.371327158119019396e-01 1.008914363289247884e+00 1.090067627143631146e+00 9.952118231938742454e-01 8.517387426251978866e-01 1.327069152663837404e+00 8.526998580040727749e-01 1.015854610786120160e+00
9.886364624678370960e-01 9.773906780374044256e-01 1.004906066031082013e+00 8.626242148874007087e-01 8.887349829332704676e-01 1.005350560488369460e+00 9.077034499004554835e-01 9.100704486127323412e-01 9.318752953718181242e-01 1.390520382556154289e+00 9.936396078533119569e-01
1.006400124093027593e+00 9.861962862084808767e-01 9.999415514483603884e-01 9.585952722906551093e-01 7.399150682598301110e-01 1.044798458116822815e+00 9.328597105250105992e-01 9.058776318857610921e-01 1.183357813806409586e+00 6.603701852499410663e-01 1.001171401272515027e+00
1.003274560490396095e+00 1.035546415782552909e+00 1.147566915546346378e+00 1.106862172003838518e+00 1.196896481684864177e+00 9.656388844852967779e-01 1.007037030457931692e+00 9.381205287279893446e-01 1.198915576328734911e+00 1.213355392648250541e+00 9.909850798576188557e-01
9.972641933841127626e-01 9.565411776244762132e-01 9.505117512319655182e-01 9.689974160603944675e-01 9.281354249241823284e-01 1.056505869959166066e+00 9.962792646024359877e-01 8.818210672098909519e-01 1.064037889616754828e+00 9.329451157602536293e-01 9.924739502308136396e-01
1.004103785754747458e+00 7.438117461135347330e-01 1.073917197841094850e+00 9.512816542687870802e-01 1.086679344775995482e+00 8.056496000095881849e-01 1.109602844242756348e+00 1.164464920395674730e+00 7.807071841886590313e-01 9.286302849490636335e-01 1.003308896191476007e+00
9.910939891249008760e-01 1.031108272192049702e+00 1.026521055509197922e+00 9.000798749016218903e-01 1.053877974405842632e+00 8.743400189283302426e-01 1.139020909384992786e+00 8.398760754973894072e-01 7.764392459606709318e-01 1.083533477732671502e+00 9.972738518104502514e-01
9.964282952594504250e-01 9.058874253610341709e-01 9.563866191120152793e-01 1.034492405758163258e+00 1.649958678056171912e+00 8.554688479928986844e-01 1.024522192215488570e+00 8.678510467812146079e-01 1.191457280638477556e+00 9.786270522030494634e-01 9.977149848999361526e-01
9.901445747253575513e-01 1.282369645149501691e+00 1.092005453445942020e+00 9.014094766986016083e-01 8.977203546215600793e-01 9.535365891093937618e-01 8.224707159183419769e-01 1.147809021984630196e+00 8.182412990287228904e-01 1.047358004643186513e+00 9.926193445761516410e-01
1.026081428271395923e+00 8.283978000878020609e-01 9.820010252935619244e-01 1.075446385539909899e+00 1.188857661934708432e+00 9.480663787749050719e-01 1.009139870036057873e+00 9.863449548679945611e-01 1.335213575281094744e+00 1.119944727019911657e+00 9.908160085972846920e-01
9.891779857828839617e-01 9.288333074170010972e-01 9.989003976457681011e-01 1.035018721247564333e+00 4.194219638596559108e-01 1.110743838697226593e+00 9.622604580569771304e-01 1.010086507676419609e+00 9.893058002933023953e-01 1.133219375986514788e+00 1.008493528377332193e+00
1.000679259837693236e+00 9.596377542570055930e-01 9.480318913859727692e-01 1.010231940864040112e+00 1.068169371843409543e+00 8.933712463770627776e-01 9.891005938924665175e-01 9.287734418063638975e-01 8.713414027798536132e-01 8.444561061515010181e-01 1.007001410186266765e+00
9.993257565071393955e-01 7.028714202788044485e-01 1.055021521626948289e+00 1.096479286419656196e+00 7.475771839985450029e-01 8.652723636897884374e-01 9.217374740523163190e-01 9.822120851249350748e-01 1.013374366078932276e+00 9.664951629537719135e-01 9.860624740943213506e-01
1.008195586171026781e+00 1.237055045682633692e+00 9.161033967090317365e-01 9.916169588295078441e-01 9.401277590280183727e-01 9.847279661768398862e-01 1.036284959215735713e+00 1.055903148247180567e+00 1.306242836396118268e+00 1.236169898047391635e+00 1.012022273274460149e+00
9.962890076441085485e-01 9.259386312933144403e-01 1.080348156058934528e+00 1.040532415220440710e+00 6.243897593234506438e-01 9.895061932473157018e-01 9.561348776559525087e-01 9.877133547966442384e-01 7.607443176746425673e-01 8.795249505870498252e-01 1.016333614063765545e+00
9.917197345973201017e-01 9.243462403825408735e-01 9.682379702461757498e-01 1.126046173961681829e+00 9.050889678475166900e-01 8.845261070619017119e-01 9.853279204694510574e-01 9.487307638125411779e-01 1.089084171468862605e+00 9.113881192836491563e-01 1.019921582730508813e+00
9.941822187063326099e-01 1.147156399911928082e+00 1.042186368642424421e+00 1.031467119949965650e+00 5.815071355577127177e-01 1.000891588643552099e+00 1.037518332535379839e+00 8.659676526147879194e-01 1.030521353060043221e+00 9.472569229371030630e-01 9.849102458817681205e-01
9.888403590157558432e-01 8.166238674951400434e-01 9.318963886655465823e-01 9.706797954484968072e-01 8.543487806147824770e-01 9.312463032105305905e-01 1.095233727204149465e+00 9.341858595118718300e-01 9.358956072578561436e-01 1.019129471428029232e+00 9.931032171112043061e-01
1.019078811083750757e+00 1.111855395807686220e+00 1.020270644973762408e+00 1.074244035299852351e+00 1.030634562391216980e+00 9.749855122869979240e-01 1.119147829784047143e+00 8.726230233552818571e-01 7.458990714438208380e-01 1.194749886948569984e+00 9.918529865269889445e-01
9.866428637423043657e-01 1.316534636767484834e+00 1.042974053447242255e+00 1.138437313339648371e+00 1.083796295391485920e+00 1.113319084679111004e+00 9.734270139085782203e-01 7.986229738698542580e-01 1.015242205351892801e+00 8.147029427746217412e-01 9.993213477010258750e-01
9.906107197075941784e-01 1.036101476108721275e+00 9.768741701422029022e-01 1.022914054657780847e+00 9.308276417657678214e-01 9.548100928040438307e-01 1.048041363239151202e+00 1.008196732449356592e+00 8.887518140729144811e-01 1.201578699947103646e+00 9.878617701877191459e-01
9.965632508725368321e-01 1.244612347780647221e+00 1.002153780849121656e+00 1.055630189548609099e+00 7.964228547436479344e-01 1.040173214227946064e+00 1.012651721332334054e+00 1.034808077250415792e+00 8.531875015853358502e-01 1.085289708808060638e+00 9.970850647857476545e-01
1.000631040321137144e+00 1.040343375903728385e+00 9.314527213034322628e-01 1.017543091381171161e+00 1.268759584979597399e+00 9.354195948212769007e-01 9.537880893560950479e-01 1.068222838317046675e+00 9.741545623100448248e-01 1.175204420816797102e+00 9.893559533874642931e-01
9.834794552688629343e-01 1.028285933671478025e+00 1.023010087146422276e+00 7.589574114322965581e-01 8.504910968862969822e-01 8.026370119142990367e-01 1.067036340587943499e+00 1.062549328608005217e+00 9.701825650356461495e-01 1.203262809526280730e+00 1.002822777757011341e+00
1.003765364590770703e+00 9.777489324849663044e-01 9.639111980570728155e-01 1.008036653292112561e+00 7.900799507279050449e-01 8.456157072033337885e-01 1.084060032594255318e+00 8.757241256378417438e-01 9.612118647855638631e-01 1.048819626015974116e+00 1.000295010406890839e+00
1.010921808363227647e+00 9.188281791762168416e-01 9.673590682354576975e-01 9.913771281801064816e-01 7.954452604189514719e-01 9.289047594342184633e-01 9.916625333747995930e-01 9.626044112455551804e-01 9.681596060159919359e-01 1.253780130208253185e+00 9.974814690859068467e-01
9.865947060629126630e-01 8.772231773036398561e-01 9.773523796908673011e-01 1.152681565172509970e+00 7.557310423814773692e-01 9.369948665611972372e-01 9.394149318360820455e-01 9.622143804022349478e-01 1.303464341484290134e+00 8.570602637441959715e-01 1.003886561740498840e+00
9.988149997412957282e-01 9.994903519625836230e-01 9.460680194277590882e-01 7.275826480068455782e-01 5.915658136063568495e-01 1.062958935797579052e+00 1.142134813489527279e+00 9.250783035804911458e-01 9.572731557919571532e-01 1.044926505440253228e+00 1.008213833881427046e+00
9.926654861031789512e-01 1.152497898781900121e+00 9.693718711875244365e-01 7.826449134575433897e-01 1.046598234686421769e+00 1.067269026246974617e+00 9.819559266972552880e-01 1.065704970895429149e+00 9.036442545055732856e-01 1.024126117863937147e+00 1.016440255716155594e+00
1.001455756460675195e+00 1.220085180984032514e+00 1.024530145979969165e+00 1.215974193428004835e+00 1.444511261139632019e+00 9.543266258545755054e-01 1.012969321443756066e+00 1.097849699920257383e+00 9.952167754960593582e-01 9.119904092104221816e-01 1.020350283960015814e+00
9.956276330202448177e-01 9.696347491847492339e-01 1.026467964272741007e+00 1.131778125357220777e+00 1.033053006423262365e+00 9.103934938950588585e-01 1.078621766807562388e+00 9.512487258033325288e-01 1.092837963321912520e+00 8.882892686586386644e-01 1.008742055591904663e+00
1.002630570476652050e+00 1.128434582853912627e+00 9.767924845356505958e-01 9.007248762039246071e-01 4.645271838631812589e-01 9.499275910632539732e-01 1.100697026398428591e+00 8.911104555065896271e-01 1.142044496090766748e+00 4.352558345381858373e-01 1.007674066168746663e+00
9.975443923333904284e-01 8.786060829044326503e-01 1.035852365082621240e+00 9.706084378930616152e-01 9.617926151012110569e-01 9.262354983356525517e-01 7.533997786338446634e-01 9.536844096654787384e-01 1.479610580454158830e+00 1.174024884741114994e+00 1.016793086076098529e+00
9.955236241114342466e-01 7.571450236400304457e-01 9.659191671618497788e-01 1.061943266963097043e+00 8.395006935331491560e-01 9.198256918852387720e-01 1.058322838698511958e+00 9.507157204995427824e-01 1.073587716910147316e+00 8.163679433517057049e-01 9.937071745057918237e-01
9.965064604995883535e-01 1.077713790781281711e+00 9.969648450985362231e-01 9.384249940030928716e-01 1.471872447416948004e+00 1.012530966709475733e+00 9.926000694782006750e-01 7.862660738781569458e-01 1.193164219790055602e+00 6.859275461125304840e-01 9.889595870159753055e-01
1.008464407101568927e+00 9.506021175749295171e-01 1.115724566012120444e+00 1.173688309834151067e+00 1.275435647482047630e+00 9.819707232086392068e-01 1.115332917233821775e+00 7.650933317578174631e-01 9.848320748394270296e-01 1.126711350485672725e+00 1.000103073858435554e+00
9.897005868677143381e-01 1.004993638515458088e+00 9.957633027063063080e-01 1.053857170806037580e+00 8.345117963205778144e-01 1.061286352017682733e+00 1.021450616985317916e+00 8.945113949733681791e-01 9.085430885866417894e-01 1.054744924898264324e+00 9.863893107276628935e-01
1.010289287401375136e+00 7.675614114730469062e-01 1.009446736015635615e+00 1.029915456001353702e+00 7.012459781484288168e-01 1.060285356890799280e+00 1.015348073985070654e+00 9.748704090397968258e-01 9.189796470598660116e-01 1.124733067977390588e+00 1.005269403760038927e+00
9.988364405607039753e-01 1.023031853178972828e+00 1.029924115912281390e+00 9.972538592133318724e-01 9.740648214925268222e-01 1.002530350879008436e+00 1.005733356611506535e+00 1.216605942097154669e+00 1.203099063894342624e+00 1.045507974931154882e+00 9.888451161189192318e-01
9.842853366756395550e-01 9.915502862783709404e-01 9.930809653164124340e-01 9.699691613207751528e-01 1.026624598392958498e+00 1.038695986514431624e+00 1.001255487621080631e+00 8.884805658280738871e-01 9.382759532670695846e-01 1.017084001706183960e+00 9.913067323873016035e-01
1.001123359783178568e+00 9.657058279528498712e-01 1.006155180048458497e+00 9.515361459497390095e-01 1.106987250793061150e+00 9.962790649333385096e-01 1.035139251381774761e+00 9.302475719787731689e-01 1.136046425125561532e+00 1.149976506370634421e+00 1.005224655814437984e+00
1.000501422439809662e+00 1.008152120927444440e+00 9.625256624842885023e-01 9.257132784096431255e-01 9.525253148035408568e-01 1.045673842474218906e+00 8.991200302937790712e-01 1.107742502674288865e+00 9.140607505741077388e-01 1.549062416293206956e+00 1.013384644298124693e+00
9.921356836613060004e-01 1.015106964964251013e+00 9.951686530340664305e-01 1.079625786582246061e+00 8.527903858103303980e-01 9.609107575094389952e-01 9.372764258180713570e-01 1.098094363652564187e+00 7.677072856159286030e-01 9.518551141264928184e-01 9.900284289254100978e-01
1.006141785073767281e+00 1.050338755664713242e+00 1.034565156057315916e+00 1.208096320129665058e+00 6.566207572534593639e-01 1.099558101897721629e+00 1.160255676041574979e+00 1.023739907389221937e+00 7.535302861738910618e-01 9.503893424705220916e-01 9.852199242912372812e-01
1.006487042020718370e+00 1.072410643846285261e+00 9.722923318925549285e-01 1.025828063430845871e+00 8.422938354346686252e-01 1.193223011331739469e+00 9.302765813554720875e-01 9.468889559764162023e-01 1.175146250376380763e+00 1.194086021123999641e+00 1.007348539591132353e+00
9.894933568095060084e-01 1.017948598141136918e+00 9.581938617383383150e-01 7.885609457644116027e-01 1.219204991403895821e+00 7.616686855833145753e-01 1.130669692491392819e+00 1.159977633415702147e+00 7.862197393389676048e-01 9.686893040544517497e-01 9.947083456264784740e-01
9.965489752689595804e-01 1.167385708923798227e+00 9.588055581132469696e-01 1.089790277231416749e+00 1.096184589651099994e+00 8.498314820636324596e-01 9.641199661392469977e-01 1.046744786539073324e+00 7.064326950727659593e-01 8.540252943738090297e-01 1.004673801517991460e+00
9.872846247445877799e-01 6.750246636832462066e-01 1.067308976262038467e+00 1.086343060102771485e+00 6.832923085241353611e-01 1.137663622387762530e+00 9.721689876628942795e-01 9.124275915603492493e-01 1.206398535847833742e+00 9.300581757975251440e-01 9.962135827630117513e-01
1.008065360099274832e+00 8.621057520675552421e-01 1.105279218093635718e+00 9.417173395499364164e-01 7.724721284489328710e-01 9.628989778284766654e-01 9.835056786649021277e-01 8.362841649047519921e-01 1.061292690250932313e+00 1.205382630152605383e+00 1.001252681233552044e+00
9.805485790627603837e-01 9.609360314612908072e-01 9.714269141799053431e-01 9.985583438070194662e-01 6.780333184765849897e-01 8.823662863994100602e-01 1.025213963923920613e+00 9.138020637909195498e-01 8.817823250230416576e-01 1.029129004431038164e+00 9.826526533947255171e-01
1.000330452274914794e+00 9.338015553248912859e-01 9.816982802796918595e-01 1.026322011550167890e+00 9.014827065031686404e-01 1.110004740268831780e+00 1.129321897249266682e+00 8.461398914324115283e-01 1.051633216220364320e+00 1.022510102582540048e+00 1.010369704516404621e+00
1.007542999789296401e+00 1.132920316014885742e+00 9.717341424639274194e-01 1.100634054331188993e+00 9.683971822483053993e-01 9.373688726454476594e-01 9.297862798813754104e-01 9.095333732397907767e-01 9.423374704419138492e-01 8.733509634871176042e-01 1.008625227786549505e+00
9.832911489059028565e-01 9.884112058349592278e-01 1.036546257399698190e+00 1.191516289100311710e+00 8.832981609929757560e-01 1.081182999325122296e+00 9.827867396204699180e-01 8.145319552055301227e-01 8.656621226982577078e-01 9.633401690853888866e-01 9.996093015524746273e-01
9.937828408953742754e-01 1.059849007567646773e+00 9.899218117547391449e-01 9.870661926037267442e-01 1.151263616759654163e+00 1.009101976532941425e+00 1.111969450702440021e+00 1.139615443538753103e+00 1.018630126200548380e+00 1.155810397111441068e+00 9.991833010140606097e-01
9.977188901321233372e-01 1.262572506254858506e+00 8.683901882888513946e-01 9.246421425069450972e-01 1.288361329347989859e+00 1.078021145525733360e+00 1.108245152349212503e+00 1.042300543751830011e+00 1.130140294709404802e+00 1.028798440708267981e+00 9.898725317279988278e-01
1.009655216425294766e+00 1.059245739651909934e+00 1.003458390152019097e+00 9.996597763166641393e-01 1.029940805605670029e+00 9.180983560921823772e-01 1.201569824577903622e+00 9.080584464396972422e-01 1.324756999933744073e+00 1.057712248187879345e+00 1.009474875990938880e+00
9.837391494593814567e-01 1.009907351255299401e+00 1.005096347049633243e+00 9.682182866665056675e-01 9.786004338118674539e-01 1.153569509641820368e+00 1.033008504671229177e+00 1.027480557962181296e+00 1.048288332504971221e+00 1.142700441656152588e+00 1.010197879735913018e+00
9.785695347692139334e-01 9.679891778359455135e-01 9.291070527364195808e-01 1.156303014957459574e+00 1.358783568264685826e+00 9.631028115771463893e-01 8.814063521655700617e-01 1.151797415080153097e+00 7.364572466102825565e-01 9.414838072443491024e-01 9.989678121653238208e-01
9.872578342600798473e-01 1.106055687975284307e+00 1.014667246213657892e+00 9.834515113573223388e-01 1.310791087788167664e+00 1.039177350800025268e+00 1.072226813243157828e+00 1.072767256396032209e+00 1.341108250125628176e+00 9.670376963555190608e-01 1.004082618555583784e+00
1.007235960938678287e+00 8.907023597628329625e-01 1.031770565782399007e+00 1.009850980236965068e+00 8.523627794450802098e-01 8.874994189745053497e-01 8.862347019899405876e-01 1.019485609831140893e+00 9.993741400959420540e-01 1.156798848993392026e+00 9.930248923710682796e-01
9.847498332588566772e-01 1.024174753739308219e+00 9.863232355172533161e-01 1.109544866884678127e+00 9.807116873702397264e-01 1.005665347634930873e+00 1.089973908599366714e+00 1.077910356915428025e+00 1.267230327380111099e+00 9.963667677677159329e-01 9.994513664879653980e-01
9.997982322258975874e-01 8.085224901015397592e-01 9.875130967655775249e-01 9.890770567111398792e-01 1.038020047492915765e+00 9.554256011409660854e-01 1.149846708272397322e+00 9.892767008328356981e-01 8.776039532621037198e-01 9.749769358627142779e-01 1.007497420953439971e+00
9.896565783906623448e-01 1.195157413108362210e+00 9.788675082587395826e-01 9.501574697037377115e-01 1.112303570026828003e+00 9.580132559852325702e-01 1.014805554020613787e+00 9.969646905461748698e-01 7.885486379696852177e-01 7.299288158295857976e-01 1.000673759143638986e+00
1.000575555794834592e+00 1.173242557353869397e+00 9.981854176941727941e-01 1.030713292219680000e+00 9.880797055733647749e-01 9.689978862211985344e-01 9.506039231197606076e-01 9.989082139423263174e-01 9.214311904698381239e-01 9.295181521459674467e-01 9.984670694040946870e-01
9.987712046291187251e-01 9.950758941283295300e-01 9.074646920045285059e-01 9.405868457546295858e-01 1.052216941710306219e+00 1.091463868603790965e+00 9.889272888261472216e-01 7.873679502565695820e-01 1.356256677882982764e+00 9.357361152537818638e-01 9.946308808645428767e-01
9.876786516447088049e-01 9.211229664887975455e-01 8.765657518055688380e-01 1.161016625037366135e+00 1.211542174713341691e+00 8.446233072022195643e-01 1.075209161731112362e+00 8.865765469644555363e-01 1.032495249869342713e+00 7.082846591490975507e-01 1.000699222168699443e+00
9.791746013000856008e-01 1.072880528843352277e+00 9.712563174509544206e-01 1.151046520936607198e+00 1.148034611423538021e+00 9.328046744546265590e-01 8.653207554556359149e-01 1.026391287218582749e+00 9.814892322822985626e-01 8.633492021115026782e-01 9.947704701566545404e-01
1.004487967052520414e+00 1.343027651947873213e+00 1.048851148234118957e+00 8.505639326916601961e-01 1.206181018879707301e+00 1.050317352779193802e+00 1.034191108740078358e+00 9.414644646128055294e-01 1.273322424962702648e+00 1.034099778354310661e+00 1.001824043265284958e+00
1.003492573609149119e+00 1.472843012639708515e+00 1.059937072586985440e+00 1.018338392008285131e+00 6.486342185874334199e-01 8.267746338048319599e-01 1.104737223613681874e+00 9.324859952884927417e-01 9.142449847994129630e-01 9.779754062258196878e-01 9.886922081220892444e-01
1.010337675485557085e+00 1.107180728539987280e+00 9.895897719402623194e-01 9.187954748220249490e-01 9.370610527449804161e-01 8.770264260589730743e-01 1.072730833121604110e+00 1.080420273974179945e+00 9.113582168102511982e-01 8.877924399578842607e-01 9.848058901204634896e-01
9.786964064957638376e-01 9.390863712576245081e-01 1.036833622538189781e+00 1.064828321790437293e+00 5.635128948507670543e-01 1.174417638880487225e+00 9.135374525362885967e-01 1.001946445134617836e+00 9.981254128128432823e-01 9.478105637934397532e-01 9.938383168645074095e-01
9.956704315368648528e-01 1.184406574811084356e+00 9.543051472684509484e-01 1.254202190478714174e+00 1.024059354856297510e+00 1.120267016606969035e+00 1.036664388552186900e+00 1.026057801944401549e+00 8.421677592455099060e-01 8.896742222735447569e-01 9.882459661507055904e-01
9.845223751710669990e-01 5.777058048700203230e-01 1.091862694693979563e+00 9.660604323702188800e-01 1.149345564940797759e+00 8.626872126705855681e-01 1.064084377412682025e+00 8.272643432925864682e-01 1.024483231411375206e+00 1.026955209087101917e+00 9.958166841843567596e-01
9.963136626242516947e-01 1.044467440180155693e+00 1.024809264552384525e+00 9.900806746029273686e-01 1.015823787340768281e+00 1.073590111115052315e+00 9.986997579172758321e-01 9.941799208840192970e-01 6.795891523685793079e-01 9.582057640884970029e-01 1.004705951311373191e+00
1.000139175084638232e+00 1.243106327978004799e+00 1.046130664660893217e+00 8.636331659497340496e-01 1.051253261888272839e+00 1.006994537939191137e+00 9.227256023298805454e-01 8.121238277894460289e-01 1.353212644648459806e+00 5.707252304458476644e-01 9.905105018066245881e-01
9.928519998113128908e-01 8.461562895224796765e-01 9.339611686300191007e-01 1.048473523501854077e+00 1.070553335494120795e+00 8.960054292589960667e-01 1.016101439976374365e+00 1.093835182804296924e+00 6.442434759256725485e-01 9.988682737700504966e-01 1.010561625281475306e+00
1.018351068162408168e+00 8.286514614586968364e-01 9.963825039574376596e-01 8.884351827559480164e-01 1.165718166509047027e+00 1.022219393772719975e+00 1.038204955990467138e+00 7.569387295440221930e-01 8.854057967056796485e-01 1.129908695753040870e+00 1.022218704618826912e+00
9.930286283837044259e-01 9.317617021665915988e-01 1.096115396698432054e+00 1.019096687524442491e+00 1.077088008176124490e+00 1.186250939577793151e+00 1.050475131853804367e+00 1.003322515044898333e+00 1.173546181130383115e+00 1.143834503700342120e+00 1.004353528563630027e+00
1.002949775321881232e+00 1.082636363012868808e+00 1.004241795959908812e+00 1.098245040605576595e+00 1.102230895487246620e+00 1.088573218658849706e+00 1.045281594332670760e+00 8.805309690493605679e-01 9.469674290660745619e-01 1.014920343722906182e+00 9.867629578882386454e-01
9.913809597765659287e-01 9.202272310706876013e-01 1.114266108052824222e+00 1.146668478967077576e+00 7.098335531647579355e-01 1.146282857635045005e+00 1.075583686080562096e+00 1.028485591439135760e+00 7.889710323554950389e-01 1.140195108808817137e+00 1.027248969036448356e+00
9.975254424911995654e-01 7.510667982395362596e-01 1.027702129919131790e+00 1.069952612226539923e+00 9.422094069016471174e-01 9.604018228554491721e-01 9.905135306816047480e-01 9.332612264718154194e-01 8.802193689729742587e-01 1.414228289178728559e+00 1.004774360608171158e+00
9.984612160451038498e-01 1.089095681616935707e+00 9.908320306166041869e-01 8.556121703504262488e-01 8.492639648527231522e-01 1.051761801254662343e+00 9.489378912097705676e-01 1.045258045633484345e+00 1.224957496045112837e+00 1.025240803340763840e+00 1.000261080292909055e+00
9.863320470058427603e-01 1.056750844459701577e+00 1.042707189590685202e+00 9.142394901639905314e-01 1.318707662122835522e+00 1.013401158231923560e+00 1.018032887061656178e+00 1.183991011805458626e+00 9.968883807588063695e-01 9.944612860633501583e-01 1.003614477089916912e+00
9.982341937121123054e-01 1.212394379149704937e+00 9.838096489889902596e-01 1.020542946175824417e+00 1.001949769484369757e+00 9.494552748656152064e-01 8.462085056954344875e-01 9.271582548121287681e-01 8.163239007908831280e-01 9.266075685315683375e-01 1.007372445302538555e+00
9.955066424671072944e-01 1.026223013068284562e+00 8.114228806163721330e-01 1.189747036193956387e+00 1.192144559911862078e+00 1.121164938691519675e+00 9.750136394392391326e-01 1.150328680365237943e+00 6.391711039524609062e-01 1.274027338731381853e+00 1.000787341557649812e+00
9.906912747129943408e-01 1.121197421691360496e+00 9.743326501435151110e-01 1.066838117961699917e+00 9.712969457375787430e-01 9.747709937420413473e-01 9.142268113486817782e-01 1.123023871533807228e+00 1.082570832172350617e+00 8.725254021808450666e-01 9.798596845052007787e-01
9.888039691002789011e-01 8.399669609680855409e-01 9.593044129551473453e-01 1.115976493020688132e+00 8.517902217133229703e-01 1.119362890724980408e+00 9.829089845913783208e-01 1.039326169275484935e+00 1.385789644908796969e+00 1.091516965004627915e+00 9.793532932826787274e-01
1.000040682345954446e+00 9.095733704053750035e-01 1.008396338523543712e+00 1.038264969365851664e+00 1.221553158626710101e+00 1.241130572177880254e+00 1.234107150697360655e+00 9.567688228941685358e-01 9.281405623413599981e-01 7.393919915612556792e-01 9.850303041656851555e-01
1.003862889397739266e+00 8.519597888221605020e-01 1.023714948945028569e+00 9.290022872222027939e-01 9.435591340312239339e-01 1.032631931348194421e+00 1.048324991626717217e+00 1.069717528895599568e+00 1.107274941482106145e+00 8.699435062392456564e-01 1.019029189666637469e+00
1.001153033888958488e+00 1.129056494726890181e+00 9.977231065644985852e-01 1.178893701444552411e+00 9.479104431316297541e-01 1.195496352897426284e+00 1.026566904474270014e+00 1.022913554061834596e+00 6.508587730544617145e-01 1.120545763559382513e+00 9.999339345070803464e-01
1.006883288302971247e+00 8.546847993562197709e-01 9.345343932719676339e-01 1.032389587867458713e+00 1.018757817224100304e+00 9.572427386403883354e-01 1.046684502506471270e+00 9.828787683996724756e-01 1.285050644803577891e+00 1.246767785244475402e+00 1.014769903740778911e+00
9.954709209191408004e-01 1.290580471406395313e+00 9.630480346330678731e-01 9.177193109833018392e-01 7.770802998243993009e-01 9.869087990114231435e-01 9.864986499950393339e-01 1.114258507471370230e+00 1.098610112379485582e+00 1.209413707098573987e+00 1.013025102735453764e+00
1.001052067311499538e+00 8.572607453108662678e-01 9.910094850554136414e-01 1.065560310488669726e+00 9.215509437597346754e-01 1.136581421045681495e+00 8.761495931827001371e-01 9.584081554040774220e-01 9.879901899699731205e-01 8.365759862079170661e-01 1.003796506935538346e+00
9.983028504285497151e-01 1.113634411751710296e+00 1.046931237201570442e+00 9.598694341655885642e-01 1.135347075420890750e+00 9.844378575821093325e-01 1.044830824227818367e+00 1.037001219280185849e+00 1.132141639257918220e+00 8.672867495014179307e-01 9.938050874608534979e-01
9.966650800642639085e-01 9.477281958928255312e-01 9.707214343021115521e-01 9.814699914625836241e-01 6.675256315036062205e-01 9.431588646026437539e-01 9.907310167700597026e-01 1.046294371710735804e+00 9.645516211000321194e-01 7.902509708718244985e-01 1.001040665833446752e+00
1.000069411533854424e+00 8.857894810650741579e-01 1.017804085744317799e+00 9.747743329385805122e-01 7.996724948368219010e-01 1.057768887094386212e+00 8.840464733663958574e-01 1.055355046360031412e+00 1.129060798958553491e+00 8.051699390563507031e-01 9.942752238562546641e-01
9.980940913726225050e-01 1.037641102339151189e+00 1.010043701257801407e+00 8.122290170166440726e-01 8.368024537431481003e-01 1.072856521152584008e+00 9.763224114069953830e-01 8.185375994808042899e-01 5.949072938724702109e-01 1.150571666505553647e+00 1.002006033627225623e+00
1.015689469911481346e+00 9.628180104888230950e-01 1.089759124874808194e+00 7.535420298543300532e-01 1.315335279199175922e+00 1.045206674665260627e+00 1.025657388821544780e+00 1.141786246408083016e+00 4.144392346137949490e-01 1.258539535833406164e+00 9.978595738128571702e-01
1.001973558181153745e+00 9.846614355113152417e-01 1.024940044991164756e+00 8.520761913853598379e-01 1.254276869353789126e+00 9.011749554481844893e-01 9.465804183401527183e-01 1.042682056898112997e+00 9.171326976506618545e-01 9.567461472536139544e-01 9.888131145857189663e-01
9.884383030946286564e-01 7.801322574831467405e-01 1.013112813509103205e+00 9.711825208003955767e-01 1.226387563776206280e+00 1.100481825177825446e+00 9.729486340097577290e-01 1.121527960838046400e+00 1.112720640351006596e+00 1.042148224716751503e+00 1.006310617124234419e+00
1.015153474126868627e+00 1.060394222169609879e+00 9.810194177463457121e-01 1.112277014242064599e+00 8.160587703157047290e-01 9.565029429344596990e-01 8.970184708060945367e-01 1.154226322644044345e+00 9.554250447166262594e-01 1.108406661959711048e+00 1.012530156453737007e+00
9.981259872129903954e-01 9.195837292058981483e-01 1.007097197333815419e+00 9.850665096537222221e-01 7.594212699164982761e-01 1.125254678446470757e+00 1.135943164536765027e+00 8.431931077916815509e-01 6.696816998488273054e-01 7.824838940322176306e-01 9.966623372921012969e-01
9.893449475653125491e-01 1.053267984854884709e+00 1.052536323679919450e+00 9.762424194998022831e-01 8.966499911002866474e-01 9.971780191086858647e-01 9.795738426500959495e-01 9.899211847322260116e-01 9.931918294815368364e-01 1.309314322413184684e+00 1.013076848154887077e+00
9.946714524966023818e-01 8.028710241474260600e-01 1.019798226995949797e+00 9.284181168013235785e-01 1.144608506411844306e+00 8.758695398332673188e-01 9.196197020732082006e-01 1.009050635744921376e+00 8.939244166000002156e-01 1.016795997711380295e+00 1.001838129111255249e+00
1.003161922123818162e+00 1.007497990697715062e+00 1.040947352490096511e+00 1.005767710193164355e+00 9.979228000777841112e-01 9.292796735776009953e-01 1.163147795894145187e+00 9.815742860595314534e-01 8.639367318845871946e-01 8.740718669495781690e-01 9.869765938415373530e-01
1.000534430152193233e+00 8.817883851910757187e-01 1.005771519947046500e+00 1.117863537019331943e+00 9.831225119761947129e-01 9.617863272812607889e-01 1.039270037797895174e+00 9.799597511661881644e-01 5.401968990421723849e-01 1.081353186124200505e+00 1.005041905915768696e+00
1.012948694911024461e+00 9.743542499157328285e-01 1.052437898336893829e+00 8.932364878815922671e-01 6.655075132442000996e-01 1.069143324917594340e+00 9.783182461015170750e-01 1.138426058044890166e+00 9.200491993844680527e-01 1.134703483861078110e+00 1.009394671205384952e+00
1.007171347917140247e+00 7.867381612519768197e-01 1.031965397406748419e+00 8.271979204734840607e-01 1.046367849669952443e+00 1.021415467019490153e+00 9.296026759145784579e-01 9.437764840763439578e-01 6.259572814570021349e-01 8.202698641700161275e-01 1.021812384600156776e+00
1.019244099743304766e+00 8.271061924381911679e-01 1.013863654057918673e+00 1.316628638075946212e+00 8.902160658118245529e-01 9.072046699035513084e-01 9.709971250905202744e-01 9.521846555265022216e-01 8.223461967996934519e-01 8.309850305936510306e-01 9.955488390540266908e-01
9.935763025832641260e-01 9.298692493196818454e-01 1.078293355104037010e+00 1.182319978286133333e+00 1.063878346156075461e+00 9.922997583932171572e-01 9.771034932766885506e-01 9.444421848485904381e-01 1.071361990997262037e+00 1.163518800244994988e+00 1.019791661894545509e+00
1.020100858629506835e+00 1.124575954563242330e+00 1.088172417461957364e+00 1.154735801970117937e+00 8.620067782293777681e-01 8.432459118559244571e-01 8.715090471950747153e-01 9.735381170124645100e-01 1.016802715614252062e+00 9.342476865124956786e-01 9.984105681657803322e-01
1.015213277082178678e+00 8.582305459446077922e-01 9.826544006899449180e-01 9.333334047625048147e-01 1.050282562688396926e+00 8.922121879193029015e-01 1.103429163209769470e+00 1.052006437142951611e+00 1.054860682971077379e+00 9.636227236777241689e-01 1.019499453992525062e+00
9.944027300215901866e-01 1.269641646213117481e+00 9.783034637639361764e-01 9.114386558952363160e-01 1.110221209793569308e+00 9.931052152576552716e-01 8.710361586005191947e-01 9.602371307526843536e-01 7.871115183902659407e-01 1.228042836045246444e+00 9.982791728613441551e-01
9.911320559637267769e-01 9.607731761206935728e-01 9.093321057597371082e-01 1.102592033120495474e+00 9.727492344655440659e-01 1.231727259829234367e+00 9.419728681192774955e-01 8.084061597287133250e-01 1.012832016667889690e+00 1.097157951546410715e+00 9.963030754738625427e-01
1.010393422963047572e+00 1.161303490570615216e+00 1.041144439854472248e+00 1.033457739868334002e+00 8.321540552997548357e-01 9.527620349122328802e-01 1.015894121309000697e+00 1.028692193497444229e+00 1.242734967573674965e+00 9.775598961577224300e-01 9.995320884884260071e-01
9.873801268046666912e-01 9.876408919149953780e-01 9.537468164689337780e-01 9.928154601327341400e-01 1.122641031080624296e+00 9.544801770654651740e-01 9.641660764648261051e-01 9.042355280261109574e-01 1.109684309479414654e+00 1.040566944311111408e+00 9.989331414691781097e-01
1.011797603706766413e+00 9.048565325912654167e-01 1.058106139460905037e+00 7.844142464949886984e-01 1.258947238946649394e+00 1.039697438318168077e+00 1.059021464431489035e+00 1.149551776049267060e+00 7.693086633117400819e-01 1.066583142522723904e+00 9.915209178698622949e-01
1.000912708271936902e+00 1.145936289106990857e+00 1.037660275393676557e+00 9.768779555629168998e-01 1.061419706460796641e+00 1.086782411864281706e+00 1.046518140855386303e+00 8.892165841678898452e-01 1.241737490524638776e+00 1.127678557196458708e+00 1.013743720890868394e+00
9.969490116766284160e-01 9.490195704298934887e-01 1.030768343884664207e+00 9.210144930353331150e-01 1.137345708858060078e+00 9.114305040340953123e-01 1.034373143562132169e+00 9.786654562731487150e-01 1.016128955163451808e+00 7.765521422642523985e-01 1.002428135194705083e+00
1.003318310814470538e+00 9.867893685014432759e-01 1.034793737221114673e+00 9.420457766736894945e-01 1.285556116298634644e+00 1.076208375475777634e+00 9.717878904394877670e-01 9.504344909123680907e-01 1.005434861070862773e+00 1.038745742355723589e+00 9.979749228621831447e-01
9.953874230490245001e-01 9.471342357170149384e-01 9.133295427504318775e-01 1.025088870185999035e+00 1.155877488748022985e+00 8.425335118797450118e-01 8.743959871428950148e-01 1.066755289091195325e+00 1.092481421809994968e+00 9.401993078313316543e-01 1.008310353020611672e+00
1.005095929440459335e+00 1.051069352554553804e+00 9.269766399432176618e-01 9.845881117958490414e-01 1.086059122013039113e+00 1.062237506872619974e+00 1.155742352547723506e+00 1.022117128527181507e+00 1.140478891839750819e+00 1.063014796797806971e+00 9.975581102516618559e-01
9.928973756732459854e-01 8.851290845380124228e-01 1.071448501301988543e+00 8.639957731643257421e-01 1.369048491011446433e+00 1.004046767345191826e+00 1.040176199638183308e+00 1.005918909077025747e+00 1.047655470510971520e+00 1.103210837133786537e+00 9.842143238111921155e-01
1.008584469079794266e+00 7.946996956295100389e-01 1.022098506208225288e+00 8.082115591280687461e-01 6.877812362760011844e-01 9.953228179036964773e-01 1.061649107795424207e+00 8.691744550508332390e-01 1.402849400466205543e+00 7.452679718844701373e-01 1.002986859925483865e+00
9.746531230851310790e-01 8.227662147099384926e-01 9.614124404556018133e-01 1.110258412878050382e+00 7.796485343296906123e-01 1.145097665033810053e+00 9.152348640862413287e-01 1.021713105372296759e+00 7.522150997496086511e-01 1.234194985211210183e+00 9.923111495022222117e-01
9.869895087078132123e-01 8.036351443031177766e-01 1.066440364837209165e+00 9.714935373250001005e-01 7.213566074109953874e-01 9.392531609505698764e-01 1.101520993809624205e+00 1.083578768049593632e+00 9.513122716222608410e-01 1.144900614147102313e+00 1.009196676101422829e+00
9.999927725444527349e-01 8.152916301880270833e-01 1.045756855981778255e+00 1.088668989887651817e+00 1.010126856405888951e+00 9.362168463332597446e-01 8.695520842238244619e-01 9.431995714781344908e-01 8.068276794033927279e-01 6.778612351691735149e-01 1.010222967492028889e+00
1.004943312936797728e+00 9.117763449711332457e-01 1.028033966255024412e+00 1.187322036528572822e+00 1.042203394129575855e+00 1.041933523213721458e+00 1.131087203140235919e+00 9.204080935808183206e-01 1.084531595432879136e+00 1.058928866986928785e+00 9.997661950625185145e-01
9.978694341133504953e-01 1.149397136852810641e+00 1.048155236411760560e+00 9.875411775682773063e-01 1.199094481756237673e+00 8.504353067294632140e-01 9.390278847117959904e-01 1.112723930980627829e+00 1.200461835935767940e+00 8.416228930483931059e-01 9.791438982926433665e-01
9.962477332876426006e-01 8.719389291183524682e-01 9.974655058705304000e-01 1.124397322938988530e+00 8.292366067646331773e-01 9.886088422158385569e-01 8.877672473684603549e-01 1.039606581673162999e+00 1.367705729820586802e+00 1.158578729523025430e+00 1.011954515448586278e+00
1.002106482034479606e+00 1.123065881152513601e+00 1.001456717553107945e+00 9.819336083154983630e-01 1.179939554887553754e+00 1.133596499571293048e+00 9.618571543065747020e-01 9.319282952821544841e-01 1.146700226499376862e+00 1.087345655478961115e+00 9.949276877457517987e-01
1.011304641241695723e+00 1.209914276022274748e+00 9.759075014230867984e-01 7.001530370915964863e-01 1.235657739663232224e+00 1.029466568524197490e+00 1.071635714981149290e+00 8.409927784221200575e-01 6.881545712929588721e-01 9.705718195703613160e-01 9.985402720396208132e-01
9.860596254778198899e-01 6.285637982496898868e-01 1.064630643010230138e+00 1.087640712357192507e+00 7.703065701937837906e-01 9.866131932075240529e-01 8.620336981690085443e-01 9.671239634342716496e-01 1.135245105952820355e+00 8.075040514145896964e-01 9.982018729126640455e-01
1.004994090992382016e+00 1.187100921902993989e+00 1.014424804282377135e+00 9.628485925416445657e-01 7.871923353742440455e-01 9.946615777962348748e-01 9.941043319802288503e-01 1.020110805107125707e+00 8.863418890983280063e-01 8.864990235323261247e-01 9.865996686001062832e-01
1.010786671437687190e+00 1.256274503746970250e+00 1.003995145146712398e+00 9.612349278213901949e-01 1.117870588259456399e+00 1.010296189539118483e+00 9.415427098411068840e-01 1.059928448236877596e+00 9.180155514290748719e-01 1.039287267801339398e+00 1.003875298912796143e+00
1.004630546565885574e+00 1.127325918395395199e+00 9.387565277432958766e-01 1.103403986967526729e+00 9.815137768283627162e-01 1.097221571480803792e+00 1.026122990666015422e+00 8.996665175263176550e-01 9.018750898667273752e-01 7.247803263449023037e-01 9.819833640421771204e-01
1.004427410727291470e+00 7.478816414985799410e-01 9.667635892500464623e-01 9.624793047806553536e-01 9.496158250279913560e-01 1.006670254281915255e+00 1.089434646581539878e+00 1.035534309841708689e+00 1.309194775482609430e+00 1.143064341508446269e+00 9.932807166342974003e-01
9.941247539666225874e-01 1.151529528453621554e+00 1.094430233761530591e+00 1.010813236093393686e+00 1.355164809606056231e+00 1.200914306191681158e+00 1.005051710191896541e+00 9.241502946355251158e-01 1.288281200726309361e+00 8.587677328269651689e-01 1.001389108846415299e+00
9.988949744021996535e-01 9.457137552494223609e-01 9.664566969696198884e-01 1.093042745571195740e+00 1.091364117484154850e+00 1.169430262232709294e+00 9.683511124703350070e-01 8.256775219841603342e-01 1.116142928541110191e+00 9.887562305887023228e-01 1.001588226948046056e+00
1.002649706517530381e+00 8.437509794110390482e-01 9.513660525160351211e-01 9.068238445218298471e-01 9.912761201578514925e-01 9.671550163625299845e-01 8.432812203527604300e-01 1.095757872732435079e+00 9.920775064033587887e-01 9.535579238371445499e-01 1.017611053377259100e+00
9.838891233973482420e-01 9.910730584498294027e-01 1.019221656948324561e+00 1.022070216031608414e+00 7.076439366128652875e-01 1.023235292518530404e+00 1.086110665090049610e+00 9.617236411365822635e-01 1.076969710877876629e+00 1.064411533215831485e+00 1.005508658114412812e+00
1.006308974829750458e+00 8.675453080437098841e-01 9.440783301675562678e-01 9.988173240459270463e-01 1.023268668051221741e+00 1.071005234349704960e+00 9.473945396154173082e-01 1.074895890624163242e+00 7.703972080955382440e-01 8.430716519709420265e-01 9.819238622675314776e-01
1.002864825202768984e+00 9.174992558221598538e-01 9.921265041161011489e-01 9.189601430400841098e-01 9.896498817799825876e-01 1.158651552552127928e+00 1.039603812822475160e+00 7.440296556561508678e-01 1.148431618481283722e+00 9.825213354528352649e-01 1.015980441830723002e+00
1.009961306166976103e+00 7.325191890565196928e-01 1.000467364777047896e+00 8.827651143459507299e-01 1.063074889056057515e+00 1.013929763149133523e+00 9.453077296137121222e-01 9.373772040765481206e-01 1.114043092675980784e+00 1.050656491169854378e+00 1.013326449170611543e+00
1.006208798621845313e+00 1.069303553426193210e+00 1.021141398990277338e+00 9.898928744392416768e-01 7.462350079860455843e-01 1.013075591825602473e+00 9.310662163587393181e-01 1.187822233580771325e+00 1.033937114096389331e+00 1.321939536669768378e+00 1.002648358210516788e+00
1.001980438124944195e+00 1.347203241549764119e+00 1.032642517831171780e+00 9.876423771473894497e-01 1.101515020049854243e+00 9.985946046710950652e-01 1.042942090373622399e+00 1.000071374748836339e+00 9.735411922635401893e-01 1.128487273497915000e+00 9.863340312165115309e-01
1.021076604270350296e+00 8.192594574615896796e-01 9.647928963633278787e-01 7.414518742018709752e-01 1.038450259915011387e+00 9.640943579597401891e-01 8.919579634778398436e-01 1.040753777765137000e+00 8.793192850641216030e-01 8.664318429710798908e-01 1.005004772694128468e+00
1.011326574627428698e+00 1.039708499915061424e+00 9.022821321898630842e-01 1.057743701860943464e+00 9.948500324077252932e-01 9.605608301362836832e-01 1.106945522439672924e+00 9.365825044361856255e-01 8.903992919947283369e-01 1.105020717721110213e+00 1.008646220951435968e+00
9.969829638204160682e-01 1.111625027203538618e+00 9.849773027952224425e-01 1.146425754743029657e+00 1.163373514118092977e+00 9.230184964346451748e-01 1.011107986700923167e+00 1.000680039044687941e+00 9.372920034461386107e-01 9.906393550209591226e-01 1.013625664958616390e+00
1.000200839652483298e+00 1.031700522638075102e+00 1.025535838524888277e+00 8.441191023729338605e-01 1.012405016868086260e+00 1.013643148937212635e+00 9.651023246552941082e-01 9.790436964672993847e-01 6.847563251414641172e-01 1.190465401569093640e+00 1.015684164539247369e+00
1.009138371869219508e+00 9.075888634730544524e-01 1.002707339855088531e+00 1.056248566588004367e+00 8.556742100807426255e-01 9.155411769831276469e-01 1.010279839262263835e+00 1.029372292918141696e+00 9.458485612925815467e-01 1.011810542861985907e+00 1.008790295729804498e+00
1.001879090173257492e+00 8.689471097038437009e-01 9.385042119425771601e-01 1.122437337227201182e+00 1.037383318755531469e+00 1.061595255553581474e+00 9.482960950933582156e-01 1.081813311711012471e+00 9.345029265928683770e-01 1.054014616461659726e+00 9.920416897659720679e-01
1.006180881810587513e+00 6.162496100508008112e-01 1.045461107828755010e+00 9.056888823264283017e-01 7.659626357095482563e-01 8.370183483102493494e-01 9.127161819486212524e-01 8.941591907779515846e-01 1.214870368501212772e+00 9.942266771601424580e-01 9.982488138861504989e-01
1.021493979739694247e+00 1.081886013439961935e+00 9.881106497040386127e-01 9.557972086096773179e-01 1.276574694870319826e+00 1.065623813914970741e+00 1.145905361630635610e+00 9.592748664687051896e-01 6.478202539502960766e-01 8.503595611533261156e-01 1.004431608904389428e+00
1.002736270214918513e+00 1.029075148235088166e+00 9.222581381923031785e-01 9.348910170647313223e-01 1.066645959103920793e+00 1.022186305235527337e+00 1.030594948994608240e+00 1.006570371491741112e+00 1.346845621042204844e+00 6.842794932371631944e-01 9.996957560352233152e-01
1.015466547090017935e+00 9.373169005195883807e-01 9.800743285406606775e-01 1.006125257359613778e+00 1.217423492918706440e+00 1.108178434831335268e+00 9.546810208010443333e-01 9.197796184675528508e-01 9.585517579988882542e-01 1.000557172512131610e+00 1.017481741725685396e+00
1.008141633733174780e+00 1.093485605350539513e+00 1.053846120341399795e+00 1.072148761134239736e+00 1.328818056285467453e+00 1.017385016117945185e+00 1.054856292193040446e+00 9.611666381969089512e-01 1.390400306306583733e+00 1.061764943487575996e+00 1.000853444914271417e+00
1.002765965368688228e+00 1.136402088834740365e+00 9.719882707085990559e-01 1.135050097949971804e+00 8.383832811823543896e-01 1.124525771358974469e+00 9.163867560578081717e-01 1.116090752099556882e+00 1.044425880158883935e+00 7.239783580322973755e-01 1.002070980785928489e+00
1.008277450586168911e+00 1.191894039487557011e+00 9.642579324507658534e-01 9.302127213499178371e-01 8.748942883545115512e-01 9.254266937165739337e-01 1.018083485277370803e+00 9.698844574480568470e-01 1.073188054700477734e+00 1.242128927022156937e+00 1.014411164995009162e+00
9.855525631276972343e-01 6.899815297253775181e-01 1.085195710526797308e+00 1.004524848807071713e+00 8.628364327498465602e-01 8.987362762481616585e-01 8.593351049766615457e-01 1.044251596647817859e+00 9.298953431384664459e-01 1.226204572090784817e+00 1.003210058011665184e+00
9.999640505652608313e-01 9.010973542861475671e-01 1.089088947569379462e+00 1.130880141764435409e+00 8.031008627633651198e-01 1.131087247968116660e+00 1.057013814144045272e+00 1.040132269389112851e+00 7.846330914159397318e-01 8.530633207095758008e-01 9.855282868662550433e-01
9.931175447613544982e-01 8.562762772176272241e-01 1.030340418776572120e+00 1.012080805019593521e+00 1.016564468881167693e+00 8.784761118979267369e-01 1.122330955864933255e+00 1.063942841912652870e+00 8.683340176942581090e-01 8.113741410418511268e-01 9.973914137897312848e-01
9.945771277482723383e-01 8.557888092545131720e-01 9.036423977917447115e-01 1.068138214427216681e+00 1.005428362679345877e+00 1.079324732173697843e+00 1.058717205897344860e+00 9.778766978275539312e-01 1.000141301787002224e+00 9.625612853152852866e-01 9.905772196936125651e-01
1.000735844269553754e+00 1.038315104235483677e+00 8.976571174779737206e-01 8.786200703226545450e-01 1.080436786339324051e+00 9.800263785391719606e-01 9.263371183165218792e-01 1.071954389025917109e+00 7.904912603572112895e-01 1.287443132248366373e+00 1.001179370729154749e+00
9.900334154942896925e-01 1.027220803632068025e+00 9.803502070903815646e-01 9.736121122636841596e-01 1.076678510661393640e+00 8.166151756149296892e-01 9.674528252626559688e-01 8.527542313210012548e-01 8.766686052417063113e-01 1.166374222100133196e+00 9.899681393693546827e-01
9.929857048278823983e-01 1.193960543012943409e+00 1.055335469466461396e+00 1.045404819069906122e+00 1.251232957952299163e+00 9.897922305875280768e-01 9.102026773671799686e-01 9.126626009045639698e-01 9.801081779241637149e-01 8.349663484056913942e-01 1.006781980790873998e+00
1.017148124561093825e+00 9.523889052658025545e-01 1.001024731527337286e+00 1.097717303627209429e+00 1.382523377754556027e+00 1.019565939773207086e+00 1.029876873026663642e+00 1.024290763975432395e+00 9.560250642500451868e-01 1.361485695760909609e+00 1.004007033647527081e+00
1.010978810347584300e+00 7.984193184895908013e-01 9.442943650597490635e-01 1.051314945392557432e+00 8.048807599136742486e-01 7.804962983389125419e-01 1.218789434047146347e+00 9.648630196105574264e-01 1.069387842629197616e+00 8.266328797933572003e-01 9.956795864394553108e-01
1.008365175868817687e+00 9.297277381085008452e-01 9.408037969174043447e-01 1.007387927815519335e+00 9.856467757205249480e-01 1.189442143484989112e+00 9.324673922699789896e-01 9.345246010816217197e-01 9.060131584624524503e-01 1.082801887806984054e+00 9.908819648972996275e-01
9.986629247124235720e-01 1.217692289269163952e+00 1.090331418588314616e+00 1.173067395613621056e+00 1.065721648632626195e+00 9.669997141070931779e-01 1.086455527074704497e+00 1.005291345169704975e+00 8.749314823133313990e-01 1.239176751845002755e+00 1.005321567705748764e+00
1.000222663169372916e+00 1.138163685842215056e+00 9.407103105804320853e-01 1.260363834982397568e+00 1.027055034320363047e+00 9.567207307972760422e-01 8.140888246802949757e-01 9.449699372919551088e-01 8.608051666218879960e-01 9.165926793365627434e-01 9.914205091393067937e-01
9.933203563613991482e-01 1.023497128472572459e+00 9.997694397046075210e-01 1.198656289380207518e+00 1.100150895405513474e+00 1.206741448110916437e+00 9.552616079452098674e-01 1.060808347285788544e+00 1.317359797397286370e+00 1.034431542997159781e+00 9.840940320379081285e-01
9.980076163606677042e-01 1.169413907557669052e+00 1.007592625021143107e+00 9.124568511001411864e-01 1.147040722785278355e+00 1.024994413584547459e+00 9.306600945388823209e-01 8.969169109036518872e-01 1.036507898422734941e+00 9.429080268978493606e-01 1.018154831518265135e+00
9.880925491357297474e-01 1.396648392094721469e+00 1.093057960474154600e+00 9.108658572504840789e-01 1.246119443424332118e+00 1.183028485748458536e+00 1.020513315004476951e+00 9.455990622219339059e-01 1.038041192987144701e+00 1.004286705068471619e+00 1.014029849498548685e+00
1.005847529442940758e+00 9.589789188580923884e-01 9.000469587307931008e-01 1.123093019010733329e+00 8.881978734869280245e-01 9.118007717160426795e-01 1.033723259229027525e+00 1.079498068559696433e+00 8.336723354554111953e-01 1.018111845457951192e+00 1.007239967679077086e+00
1.005758563402719963e+00 9.730140893986233275e-01 1.032320246856012425e+00 9.964439887473484081e-01 5.722871560310771599e-01 7.449877728372880092e-01 1.040901461472297784e+00 9.688351223697337922e-01 1.269925760821569050e+00 1.029802635790752374e+00 1.006417797774709078e+00
1.002930743637769018e+00 7.850795340828730096e-01 9.373693841082603173e-01 1.144579824488001663e+00 9.825633422651933735e-01 1.043817083482724728e+00 9.796927829226528273e-01 8.781550055369905516e-01 1.106385588194606084e+00 9.262285594173411685e-01 1.002083024659342847e+00
1.003925916807515195e+00 1.297059514694703486e+00 1.064813000264468901e+00 1.108643527650761795e+00 8.152972545558947459e-01 9.836850607232491273e-01 1.055307651712330319e+00 1.133249892104383649e+00 9.759908956779612677e-01 8.024079782608931621e-01 1.008048938602765343e+00
1.022081577168961752e+00 1.089379613020211801e+00 9.609439261440340108e-01 9.676065288908027862e-01 6.269517332188425662e-01 9.357545560474246349e-01 9.839649166157471427e-01 9.026158463608949800e-01 7.044452112746926176e-01 1.009598624429171920e+00 9.856771936544863610e-01
9.933568849874208073e-01 1.030123123052175682e+00 9.395933350860969924e-01 1.016183499029378767e+00 1.141884918900369250e+00 1.148784639176783307e+00 8.485724951795233784e-01 1.045075716528194310e+00 1.045284894443329726e+00 1.186118133988591561e+00 9.939684124656927855e-01
1.012164243763200133e+00 1.391244413859200391e+00 8.924352402503161752e-01 1.028633814147201120e+00 8.067311550959883615e-01 1.167430466959894275e+00 1.097416434018668063e+00 1.053307999027810027e+00 1.153930337274541529e+00 1.305313349254411559e+00 1.000883929370247838e+00
9.829592447960164847e-01 1.018174392622924085e+00 9.536585053277639723e-01 9.940492452644269505e-01 9.597799976349278284e-01 1.039236826335111497e+00 9.878762896576552821e-01 1.057330444103721012e+00 1.098120713374220125e+00 1.067085997904830164e+00 9.946848461833496247e-01
1.009812551216661802e+00 8.635848063697546539e-01 9.885162623591376985e-01 1.077085290612304957e+00 1.208322523353487554e+00 1.045359352324964464e+00 1.013072014923882325e+00 7.497571934686417805e-01 1.004568540443263602e+00 7.735216248213738766e-01 1.000343656610088061e+00
1.006571707468278953e+00 9.856098894412874678e-01 9.128935970722605875e-01 9.522516235079199198e-01 9.330231028883727573e-01 1.069542674899850665e+00 9.211447309264033656e-01 1.100957339151344749e+00 1.123253045086738400e+00 1.069450179854906091e+00 9.915614088401928372e-01
1.017569257632682023e+00 7.501275115382122216e-01 1.049218814034505343e+00 8.697656237373881938e-01 8.139837561586222847e-01 9.583577296480096930e-01 1.133111280720136671e+00 1.312575557868107534e+00 1.177395457930450640e+00 9.277250552948749229e-01 9.933312052433143080e-01
1.000766440159434056e+00 9.514624460698926089e-01 1.049646928513721322e+00 9.251657141489421088e-01 6.987475333897827934e-01 9.647220403002882971e-01 9.739168257487450520e-01 8.548917039220013114e-01 9.443970318570619193e-01 7.846892955587232432e-01 1.007880688591649809e+00
1.018675238765650803e+00 8.741481886684554503e-01 1.103048928382980298e+00 1.074054317360910504e+00 9.766862656756769567e-01 9.470721064818174995e-01 9.667763680304171103e-01 9.633174205279430025e-01 8.211271486343820758e-01 1.010802945740116865e+00 9.940333637219360696e-01
1.007897670124475287e+00 1.189488385937621739e+00 9.677617784452985372e-01 1.081294113773962673e+00 1.040608778988183269e+00 1.082524513487334472e+00 1.074348148657544133e+00 8.937349145323262301e-01 1.213694396589158453e+00 9.311810127754615030e-01 1.008008669126268853e+00
1.004206771487383243e+00 1.206498452843198121e+00 9.732838192820355561e-01 1.032836022198438064e+00 9.032487506526905019e-01 1.001079706741411668e+00 8.869056652108181504e-01 9.660557423203124383e-01 6.234677572067990337e-01 8.800402067102539583e-01 1.005660070531962269e+00
1.002209862169133547e+00 1.099978187452208322e+00 9.934308205213805421e-01 9.633996463807997790e-01 1.000218843720976913e+00 1.104516624050006612e+00 9.903003171314026520e-01 9.837592096185027168e-01 7.737386824857981349e-01 8.681009739556442284e-01 9.884789240151347078e-01
9.983678662472998955e-01 7.266383109493673720e-01 9.923310210155301681e-01 9.777930615764579558e-01 9.888628394687645207e-01 8.526605710034155239e-01 1.040408679345813381e+00 1.096670358705787107e+00 5.204175058981603819e-01 8.580886833932983571e-01 1.004625150088958918e+00
9.990370356505879901e-01 1.074668793903618580e+00 1.021353869229535194e+00 9.241739479014901004e-01 1.093096932819724421e+00 8.225075529861874957e-01 9.529499003423669290e-01 9.472204546321232321e-01 9.916579743773259459e-01 1.047080247519416751e+00 9.987932564900829924e-01
9.890579092093808589e-01 1.246578461139465466e+00 9.487270572926761458e-01 1.094362799482065718e+00 1.075534357269581687e+00 8.815775155799079332e-01 9.000352680007495110e-01 9.498160939663295999e-01 1.382829978424453321e+00 9.193066108053429275e-01 9.979961900257577900e-01
1.006598801574539959e+00 1.122844954653350324e+00 1.001577968044343736e+00 1.211124465783541826e+00 9.172650580938692677e-01 1.056106567664180984e+00 1.043235405996815857e+00 1.176961781733129042e+00 6.584970112647632323e-01 8.943597756296000068e-01 9.912071121148371411e-01
9.960574891214669657e-01 1.281425904325000253e+00 1.034222295772608602e+00 8.996408030136233691e-01 1.025882681684381570e+00 9.531703836571494559e-01 1.053820707093987119e+00 8.588474088402582307e-01 8.667810711098058452e-01 1.087035290117700947e+00 9.966226667527536831e-01
1.000837967145437712e+00 9.387534412934638306e-01 9.529099158547537085e-01 8.897084032823608934e-01 7.916135587092156811e-01 9.242189261845634718e-01 1.025781885281086270e+00 1.021407074847782370e+00 1.344217115676952456e+00 8.857230905659702058e-01 9.877630831315210580e-01
9.973485182873426114e-01 8.521851480098215914e-01 9.655615070639167463e-01 1.069592188413874823e+00 1.116823268057473895e+00 1.053332700256336851e+00 1.083802144121121191e+00 1.135940837764638278e+00 1.006475003078022956e+00 1.182296402526085366e+00 9.922623341339008585e-01
1.005324158535413570e+00 9.279910306953371713e-01 1.041840396163038696e+00 9.366378693482354523e-01 5.207741685839786250e-01 9.491217554734193707e-01 1.008144078343778283e+00 9.575772848370883716e-01 9.365126095110154480e-01 1.081008102924429615e+00 9.928570235593207061e-01
1.004050412673197945e+00 1.226556594200152173e+00 9.207099746300591026e-01 8.878465991617103814e-01 1.176551325478771171e+00 1.004861920430033084e+00 1.009050219285824834e+00 8.447510563207872858e-01 8.280190836868810411e-01 1.068530894173024270e+00 9.909333769380046508e-01
9.854873242570293401e-01 1.055516656822387267e+00 9.945754818939355202e-01 9.787818430680816917e-01 1.271507121136663088e+00 1.139147276661687913e+00 9.053413675764346857e-01 1.165145564827805291e+00 9.599974825743293749e-01 8.384084563429753389e-01 1.002562112756260726e+00
1.000003365197960292e+00 9.692819267407550843e-01 9.942059580979294431e-01 9.535692880594133225e-01 9.554018933109005296e-01 7.963068104770468780e-01 1.044414711494452197e+00 9.223727336904015139e-01 1.094406868846928838e+00 1.137114376539626548e+00 1.009554959776744587e+00
9.984350571674572850e-01 9.668417417770533984e-01 9.980436441823868909e-01 9.538461142033649587e-01 8.083632818830766009e-01 9.828913843297426567e-01 9.690187984034497326e-01 1.063153971400474962e+00 8.463885000283246640e-01 9.074613444195854806e-01 1.007408460260451610e+00
1.002570866174044006e+00 7.006467427595870490e-01 1.051356712108096003e+00 9.943153740525371154e-01 9.457240433416941316e-01 8.322821321247920734e-01 9.937112137046127947e-01 1.048882536867370430e+00 1.205500965302882310e+00 1.049144456259546443e+00 9.957473832531537061e-01
1.004673874877558104e+00 7.755463040480331527e-01 9.896711852593874648e-01 1.061774812188131856e+00 1.202386827329924301e+00 1.049500440742818341e+00 9.977423116926802393e-01 9.731665719005097026e-01 9.729675592417890151e-01 9.804879027444769468e-01 9.925273443088555858e-01
9.957828519122138289e-01 8.782114430676315475e-01 9.799521302778664289e-01 1.046900260550807316e+00 8.730954304943268074e-01 9.450823788430422479e-01 1.134337612491545189e+00 1.066229813003224614e+00 1.223511391466192810e+00 9.955485918622437591e-01 9.965318548293703449e-01
9.950665929010384936e-01 9.899279273784272748e-01 9.571789274433463168e-01 9.033101083833682265e-01 9.474917409246509381e-01 1.168505472482368912e+00 1.052206838974255598e+00 1.005691849701025875e+00 1.046536306258902815e+00 1.084422130855049016e+00 1.032845987476199490e+00
9.918538197500998965e-01 9.347380001584377762e-01 1.077563052499223240e+00 8.837150277305991786e-01 1.239308000039661684e+00 1.001985080570987119e+00 1.074785410763843929e+00 1.056400949371967712e+00 1.156863859419494212e+00 9.811311036851275702e-01 9.983309909753461664e-01
9.923164413729598232e-01 8.662706888848273890e-01 9.841086647090273587e-01 9.621683044080352465e-01 2.879814644203531060e-01 8.537520959363186224e-01 1.002375527970468916e+00 1.058606638460204641e+00 1.090431335643539335e+00 1.235882664911485129e+00 1.010141419204246382e+00
9.949565809705088748e-01 1.170474152059292949e+00 9.508902531230468691e-01 8.245956978595858633e-01 1.164819372710188761e+00 8.856272714410855507e-01 1.023917987423497156e+00 8.322480308842816754e-01 1.014321180504333064e+00 1.059486566753999659e+00 1.012720083975671592e+00
9.936594797062809903e-01 7.914008019852570852e-01 1.035465281614997846e+00 9.058038389759230924e-01 6.015980285429256558e-01 9.518084577531885637e-01 1.059973358454786352e+00 1.031723100010908833e+00 1.074945772252071441e+00 7.596063773452353951e-01 9.980958682037378571e-01
9.992186489952169515e-01 8.180072974866472446e-01 1.031408584744897494e+00 1.058976845942313894e+00 9.141508898452678222e-01 9.383931051999201411e-01 1.056016797080153724e+00 9.210915729309762101e-01 8.808400992104497007e-01 1.073442303362786232e+00 1.003067463555772809e+00
1.004376176373088514e+00 8.352918419001674755e-01 9.510696264814175738e-01 9.081322971182363979e-01 9.678631710648453179e-01 9.987911807341789405e-01 9.209975706935145112e-01 1.131522696347388779e+00 1.337489613008284728e+00 9.741569768301479026e-01 9.867139105390041465e-01
9.940344039037364299e-01 7.287210436302813399e-01 9.949218029814574926e-01 1.035255011558108063e+00 1.012047213975928894e+00 8.080419089097516938e-01 1.020916722245216235e+00 8.874801288678131339e-01 8.456114754666472777e-01 9.548758502200318521e-01 9.837878902244429069e-01
9.968470970955386479e-01 8.389916796602658877e-01 1.032205255863498206e+00 9.011664833681449771e-01 1.338184101565627060e+00 8.316610177058069153e-01 9.137043118972091316e-01 9.076301588057499314e-01 7.121657709562185801e-01 6.943460275280710636e-01 9.923355377107634379e-01
1.000361602697362517e+00 1.144971353555845006e+00 1.005569026410833233e+00 9.954434235831829403e-01 8.675331630920201098e-01 8.554307376615141179e-01 1.006054947776495956e+00 9.565053272049771627e-01 1.015149455212326357e+00 7.409217519381537942e-01 1.000365762968762562e+00
9.961159299300249570e-01 1.208421852734660851e+00 1.081896437873890449e+00 1.057034067049160697e+00 9.629342478889437729e-01 9.713529107433789278e-01 9.983333893054991970e-01 8.139981947624923553e-01 8.248630287292514351e-01 1.055182451666712096e+00 1.004376570751571274e+00
9.947157115202038824e-01 1.142565058873127315e+00 9.236998275060831487e-01 8.845620349077322198e-01 1.264568155728254872e+00 1.011959072783844782e+00 9.705931406710199827e-01 1.027935582730942432e+00 1.170355671785400453e+00 1.108654516490469977e+00 9.945715332162620159e-01
1.001656771038069271e+00 9.124016991452422731e-01 9.381250626559587413e-01 8.964617292289820405e-01 1.324577073372779745e+00 9.264845201470336411e-01 1.085539503844002995e+00 9.975124504312554707e-01 9.014380019084909934e-01 8.130437795044677118e-01 1.008286186434170562e+00
9.915284270212103568e-01 9.528753912751888322e-01 9.883133154741916560e-01 1.051514495318654152e+00 8.920756182251249333e-01 1.058027261891317572e+00 1.208901219056036425e+00 1.017153813512195137e+00 1.074498916905759272e+00 9.045944749382341943e-01 9.911629274438761295e-01
1.001665372899757989e+00 1.207885835033157385e+00 9.645510085227062547e-01 9.781804641078951645e-01 7.244195000560953446e-01 8.841016135647838947e-01 1.108458898219730537e+00 1.235116503310987213e+00 9.002035611609140453e-01 6.714648944314982604e-01 9.958593171716169090e-01
9.986121972140025171e-01 9.787156693236656047e-01 9.736824120583098541e-01 8.056079823218602609e-01 8.776125837991761713e-01 9.635440134705413051e-01 9.388925951152126137e-01 1.125884730923354615e+00 1.042335255349021494e+00 8.192370234297555731e-01 9.884225947207903040e-01
9.961895264193247890e-01 8.894293211197160653e-01 9.733200648277707812e-01 9.696629931254014956e-01 4.956936660698656461e-01 9.706545839940147191e-01 9.959355040499321410e-01 1.017637104467583820e+00 1.119160075225605455e+00 9.976390627298085123e-01 9.964350037015657913e-01
9.832032011311392372e-01 9.749247366027442574e-01 1.012769375384737991e+00 9.468727483690557722e-01 9.381677973980965257e-01 1.102909524014891396e+00 1.097616578673378696e+00 1.000909263911231362e+00 8.441314945739832876e-01 7.972642777697702687e-01 1.008947332986154688e+00
9.885201768089288965e-01 1.313861452697361765e+00 8.892167145302858344e-01 8.869027777249103295e-01 9.391911347194751292e-01 1.132019148708175660e+00 1.248100433421164723e+00 9.181046120266145305e-01 1.136756023528179060e+00 1.116141028384574740e+00 1.012128411160133412e+00
1.010712301034734750e+00 9.917609929988663309e-01 9.798144769087056005e-01 1.009174381398862952e+00 1.180690994562558105e+00 9.642293166953952444e-01 1.047257877197495635e+00 9.769269798890073409e-01 9.885428816984257461e-01 1.171807488993856117e+00 1.009015683882650949e+00
9.858740820059725962e-01 8.504797604138035760e-01 9.577249553405267068e-01 1.049678949196901190e+00 7.123537898068579288e-01 1.000562497380138804e+00 1.088232512540481034e+00 1.043742099608805818e+00 1.065297268407563669e+00 1.284545177256519066e+00 1.024703032741155706e+00
9.968993991795088716e-01 1.119353770020264260e+00 8.853243827716185121e-01 9.739143965309522422e-01 5.127619338610880373e-01 9.997012573166228488e-01 9.757239004459454801e-01 9.267556866202218968e-01 8.563964588803767430e-01 1.159519963466833170e+00 1.010697947520951434e+00
9.975784257824507062e-01 1.178973841301341086e+00 1.041519036343545146e+00 9.428132090491464501e-01 9.133791867484413185e-01 1.057401006776978347e+00 9.423591048169104312e-01 1.051122234406720146e+00 8.927127254706193060e-01 1.049762056805106925e+00 1.003478066469071450e+00
1.000610006109593275e+00 9.896127693220806432e-01 9.754833284514276004e-01 1.064147254296389677e+00 9.222458859864530734e-01 9.166260999482626071e-01 1.024785880260226101e+00 9.309421147552301434e-01 1.003764503801653607e+00 1.265653077808647886e+00 1.000935892466525923e+00
9.905314092407808690e-01 1.085382139941363233e+00 9.959784636985550277e-01 1.083422901430261653e+00 7.803069190063440796e-01 1.131461393614094701e+00 1.042077992343315662e+00 1.034588654993459755e+00 6.740614383829293121e-01 9.692065909620859454e-01 1.014621835669767158e+00
1.012340332287072542e+00 1.219140123372598250e+00 1.049363251554925158e+00 1.086454684210414579e+00 6.192996835525246269e-01 1.215898861515949614e+00 9.944558537258014752e-01 1.168106026163665101e+00 7.435254633873131791e-01 8.295982400129934264e-01 1.002922157309080520e+00
1.011670044140392966e+00 1.227824850254601419e+00 1.053639165875994044e+00 1.049052779266979263e+00 9.349687219859045273e-01 1.143629449820017907e+00 1.053177067405408396e+00 9.107260457866963588e-01 7.826140590962601395e-01 1.432698050404512591e+00 1.008959427653406404e+00
1.013319779885197613e+00 1.150015392810491255e+00 1.009754696537985774e+00 8.690740136987273878e-01 1.121589253972895772e+00 1.052277137547252384e+00 1.091321989143275717e+00 1.063220698597653779e+00 1.261311308585334245e+00 1.124197401163133270e+00 1.006251466965948360e+00
9.850897275107139972e-01 1.165959538409284013e+00 1.059577527632130867e+00 1.136414087529944661e+00 1.308551995894399855e+00 1.014219885864415360e+00 1.122083263847443613e+00 1.032586894689150103e+00 9.244765402653397635e-01 9.418752680963023982e-01 1.001617498257946881e+00
9.938433798111784290e-01 1.200737375943752738e+00 1.078984010208780209e+00 1.013568173237122227e+00 8.650680014099734194e-01 1.185673186851011973e+00 9.992055306986058483e-01 1.024444327426304646e+00 1.240232008106552541e+00 8.693539873509648075e-01 1.005801516831176246e+00
1.003616795351648827e+00 8.811413684726325801e-01 1.001744331145911993e+00 1.067723344901633009e+00 8.195526992743282779e-01 9.808408056908952677e-01 9.805671952385396350e-01 1.018916846186109781e+00 7.510095944641005383e-01 8.291049813636788279e-01 9.809237537069859236e-01
1.000417976599646819e+00 1.162252513048841474e+00 9.502596204304272209e-01 8.740330817314492240e-01 1.143508319325704958e+00 9.097057556982035553e-01 1.036037163894836688e+00 1.078976828589445658e+00 1.216528337361803436e+00 1.101596995038277793e+00 9.954273751013684723e-01
1.004286653807155316e+00 1.109825246649586594e+00 8.951354508665875231e-01 9.496432964118468600e-01 8.853565866136330342e-01 1.030469111085422718e+00 1.049157676072495438e+00 8.795484028389514153e-01 6.954418843952436813e-01 1.315593062835377136e+00 1.007099074109879533e+00
9.809458739462010302e-01 9.343543371662818009e-01 1.032873395937182304e+00 1.116564225191173376e+00 1.127555844348753666e+00 1.158184828654757803e+00 1.080978881743430708e+00 1.036457029715906142e+00 1.062654454110492308e+00 1.056369789962047445e+00 9.957413157030211570e-01
1.017301192758887973e+00 1.091952711721628111e+00 9.888819697381526774e-01 1.129518275756773660e+00 9.131599976938455931e-01 1.053942948873302088e+00 9.492448276580092159e-01 1.136395291731631119e+00 1.065048636079335642e+00 1.011254920823390524e+00 9.944240516181273026e-01
1.007746824516172479e+00 9.552304415821059047e-01 1.071169636937076675e+00 1.003491121797568830e+00 7.264651510636209730e-01 1.003534307734833764e+00 1.034789719763295812e+00 1.123957042792088412e+00 1.128329080501045745e+00 1.093660015281478159e+00 9.802839651833533674e-01
1.013793673882720237e+00 1.086359220104923473e+00 1.054123814321555219e+00 9.319975817258761008e-01 1.073425362519635051e+00 9.387701067481242223e-01 1.015024850613549967e+00 1.016390907997622994e+00 1.253095821386106090e+00 1.187695577511153289e+00 1.006671555316211331e+00
9.829110598644177355e-01 7.829534718077997280e-01 9.378206849186458971e-01 1.033764387212102065e+00 1.398635870163678963e+00 1.035467336119864523e+00 1.014225332795925860e+00 1.094482454785298264e+00 9.649003181540536378e-01 9.755293628472302414e-01 1.016218593384079272e+00
9.841910481653050047e-01 8.986822254153240541e-01 9.865666743391802163e-01 1.011548615082733971e+00 7.728536308231008789e-01 8.732890775996591248e-01 8.753656620786004483e-01 8.957055064733530081e-01 1.009726422792973866e+00 9.461776886215195193e-01 9.973314290537664828e-01
1.019613394696260222e+00 1.213784144907680052e+00 9.700713105301891348e-01 1.114201678121805150e+00 8.592263649725424557e-01 1.008096954689692959e+00 1.102195669584908000e+00 9.418137247326210382e-01 1.133672860497587198e+00 1.135596197645949657e+00 9.865219106259662807e-01
9.949887936171682989e-01 8.298635236047612329e-01 1.075217669242024332e+00 1.011218480824394472e+00 9.102735694690726742e-01 9.655740711656776165e-01 1.096835735599694051e+00 9.978654997033407081e-01 1.062000892499977978e+00 1.160344087644968214e+00 9.823827659689423619e-01
1.016546642452092808e+00 1.078483039955843381e+00 9.924548454524781960e-01 9.238911804407862194e-01 9.007866397322027430e-01 8.710857256516097991e-01 8.936497711944376698e-01 1.031450416594118735e+00 1.019390065064747608e+00 8.622454073472249902e-01 1.001912041103349749e+00
9.948428369958732809e-01 1.170694768688147702e+00 1.070098376545811858e+00 8.870041488556171805e-01 9.156730142276434670e-01 1.109226539012766688e+00 1.073111049210396128e+00 1.065184389019579125e+00 5.003413623683972133e-01 1.078422800016908711e+00 1.001777236518191838e+00
1.010612819036584620e+00 7.895979154163157432e-01 9.789624673940413579e-01 1.015321950256238726e+00 1.187951176712325640e+00 8.833288788009439063e-01 9.571655968109437085e-01 1.090001832047793773e+00 1.236147949593962903e+00 9.481433453894009267e-01 9.916505929273444764e-01
1.017480322687355887e+00 1.075182997507596383e+00 1.079473992219723177e+00 9.169145133165504946e-01 8.927260756469632685e-01 9.409494662691214595e-01 1.040812867579461010e+00 9.710241584847922880e-01 1.162259755844874398e+00 7.154407599537647711e-01 9.997516374165744679e-01
9.970850395273834765e-01 9.207013369117824642e-01 9.629276949534705254e-01 1.037373956717127399e+00 7.324683497998768500e-01 1.046755940767684079e+00 1.028931313496863842e+00 1.124435486742360046e+00 7.005824951366912412e-01 1.202428748673389558e+00 1.002630572343987669e+00
9.992737106423252857e-01 8.459337410801163193e-01 9.403186637166136563e-01 9.894430703266413607e-01 8.286424898240463133e-01 1.025075370092092486e+00 9.989330993841079032e-01 1.041625676459047911e+00 1.034703872656551837e+00 8.712022162567325534e-01 1.014493540987121634e+00
9.921042600067578876e-01 7.939483883436786460e-01 9.756894396775774858e-01 8.197966277152353154e-01 1.193698833548898719e+00 9.794002462604119996e-01 8.101738786752794574e-01 9.362268902574364393e-01 8.672484666134088194e-01 1.121080648308870664e+00 1.012791714787376396e+00
1.012798524040231074e+00 7.603018703587763882e-01 1.005332976480037610e+00 1.088024166030942874e+00 9.196504465199429879e-01 9.090164103045443866e-01 8.942779274506023057e-01 1.007234790151096071e+00 9.482938721949636385e-01 1.211947581769170501e+00 9.949602527725249779e-01
9.891207001465353033e-01 8.732318875753324328e-01 1.038502555743444189e+00 9.961798378889391570e-01 9.227770099709606821e-01 9.126468209503334483e-01 9.921361352075918072e-01 8.835555565823163260e-01 8.581149870011206549e-01 8.092849529622859750e-01 9.980695932216636646e-01
9.815828194388261929e-01 1.046914414320525344e+00 9.278259107614070800e-01 8.608098536596086037e-01 6.406364022685339110e-01 1.047397456639441948e+00 1.164850427934260413e+00 8.998165186923979819e-01 1.045009413102771401e+00 1.055994946809776458e+00 9.929390959644885939e-01
9.972262549794810305e-01 8.053539917639668255e-01 9.060688675781216617e-01 1.043773584030916135e+00 6.440441594725556662e-01 7.907343411610913142e-01 9.668973657700822288e-01 1.073184608996771816e+00 1.207542038216904201e+00 1.298312676325293680e+00 9.992746408497319432e-01
9.955697118668407342e-01 1.125794392400824684e+00 1.062294965545957703e+00 9.328241262323982985e-01 9.574487288023167952e-01 9.965674706840749186e-01 8.896469981592857179e-01 9.756380183239641291e-01 9.387124828446875568e-01 8.319386707727902674e-01 1.011766868258383800e+00
9.994663528456085855e-01 1.063710786840524447e+00 9.260777628526806193e-01 9.646887608056736729e-01 9.490086051671696721e-01 1.093815150327708263e+00 1.094191189286855659e+00 9.665450969049256269e-01 9.749357591397064260e-01 9.729909931503093468e-01 1.003119132566650196e+00
9.924047381389800027e-01 1.233575487861792608e+00 9.644450793175195491e-01 1.018950799319783718e+00 1.022629769164328684e+00 1.041548669477461608e+00 1.051816716527095297e+00 1.021053443478820766e+00 8.129703403549021212e-01 9.612113550897849468e-01 1.003162239811546508e+00
1.013234202825047170e+00 1.065434584739008095e+00 1.056946166309908675e+00 8.794480069548431533e-01 6.978819574882175747e-01 1.040543623550855168e+00 1.056648484817440004e+00 8.623383870916618843e-01 9.897991984387451980e-01 1.072577710890282310e+00 1.005891107491114100e+00
1.006870046760495629e+00 9.969262417115685171e-01 9.876678240648949503e-01 1.054941296334756640e+00 6.919942611703060464e-01 9.595513803706064992e-01 1.000692943880341801e+00 1.146135935085025981e+00 1.349358230566113814e+00 8.837376479190928169e-01 1.000634268987880660e+00
1.011020531797979016e+00 1.352357518753098287e+00 1.033696361647161499e+00 1.055923503241740669e+00 1.433646628218754104e+00 1.080026394170531701e+00 1.068429632144087149e+00 9.916245999768217301e-01 8.477657141535537288e-01 7.914465311482904442e-01 9.975217881091066330e-01
9.925173003507119507e-01 8.936455607293257719e-01 9.926285808501901231e-01 1.023564623787642347e+00 9.119905637007224009e-01 1.050993909499017720e+00 8.793379996083050543e-01 1.195830526412950734e+00 9.027515729032803415e-01 1.062538999078523227e+00 9.895212249360315626e-01
1.012124293017350851e+00 1.049597239507425117e+00 1.058601419467795957e+00 1.017689489408073911e+00 1.128522221406179415e+00 9.213723610374077166e-01 9.428562018912515219e-01 1.054425262898690985e+00 9.403850286154974425e-01 1.002275850684275715e+00 9.958962204047744349e-01
9.907933973510172354e-01 9.417717985347884291e-01 9.931817453541230689e-01 8.032418338492649523e-01 9.259882841254289954e-01 8.346767259071031786e-01 1.043626248289626579e+00 9.011125076690698066e-01 1.554763300741697218e+00 1.021705841376539636e+00 9.917796897233788211e-01
9.807113024408887769e-01 1.181643450639990656e+00 9.341232663557620386e-01 9.980804184662299683e-01 8.215637146792916790e-01 1.107412273037199801e+00 7.913122669941519138e-01 8.738336110657533018e-01 9.519039249640026679e-01 9.709106012004977693e-01 9.980406149507076163e-01
9.882543857384967767e-01 9.789347114652947601e-01 1.031177197763236020e+00 8.718127720039581252e-01 8.371619808148527131e-01 9.443093014269752228e-01 9.679628663749528794e-01 1.039182100686384391e+00 1.158790504218476736e+00 1.024868298482822571e+00 1.011401365976898781e+00
1.006927726099268616e+00 1.018779949664152085e+00 1.128775382324521237e+00 8.889040334785897057e-01 9.503477368560949712e-01 1.102078246533164219e+00 9.533633488855967064e-01 1.041192022477467116e+00 1.596756089346149210e+00 7.198772411018241613e-01 9.888966102389388224e-01
1.009362412505915518e+00 1.291989209405448591e+00 9.485140775684192116e-01 9.572647472699532534e-01 7.230270275041864592e-01 1.007891137328551512e+00 9.693632866266770343e-01 1.022501970658009851e+00 1.147470377830136723e+00 9.078713576992880618e-01 1.006838729606051253e+00
9.971650664585802737e-01 1.065789780014460675e+00 9.612034932108733942e-01 1.105395418227810289e+00 1.152406290703029468e+00 1.025957820464659775e+00 9.147756469273392588e-01 1.093067861821019005e+00 1.296076414808151611e+00 9.972450783582809120e-01 1.003424619303496357e+00
9.917556104311681109e-01 9.661662219335391821e-01 1.035989274952870520e+00 1.118868322907748514e+00 1.009417870509695003e+00 9.700955322393791658e-01 9.443314193526667344e-01 1.085045862162036245e+00 8.740444804784246458e-01 1.142058857826061979e+00 1.007204530993574654e+00
1.008345645371405253e+00 1.252784178953242344e+00 1.023500405618240627e+00 9.596208318507066792e-01 7.140760781858090933e-01 9.524098061207129096e-01 1.091937772776363946e+00 9.036677551157388244e-01 1.102309266051192171e+00 9.465658420586401389e-01 9.975670362687820703e-01
9.876190055960640812e-01 1.006018668344910605e+00 9.821764592775528158e-01 8.437123695429712411e-01 1.011623950592783761e+00 8.725173627119521269e-01 1.118065422296294908e+00 1.043276733217025853e+00 1.020207410008293847e+00 9.222020704036573147e-01 9.986686639802652143e-01
1.024370056514052996e+00 9.761742513003681676e-01 1.047180565304305810e+00 8.262239224829033279e-01 9.240552503416061825e-01 1.268262634717409965e+00 1.065609255402840683e+00 1.012792652000843896e+00 1.025813694222770467e+00 9.338581907787187886e-01 1.007868041254274649e+00
9.976572290945771027e-01 1.030255373416565590e+00 9.368012410880081076e-01 1.041504061662098302e+00 9.611869614217390945e-01 1.038447571744218534e+00 9.957776841952603597e-01 9.216912847088569727e-01 7.341379737168323150e-01 1.114764872635944926e+00 1.010469319927230547e+00
9.886111574901030874e-01 9.959761708969121496e-01 9.616081275143038010e-01 9.581408163596210059e-01 1.124642389251784280e+00 1.016195707175267859e+00 9.846150558208621728e-01 1.053473318498357569e+00 8.508133162479766254e-01 9.347983530685909370e-01 1.010891267520172443e+00
9.898894095478433242e-01 1.042177201344103743e+00 9.856021615760814925e-01 1.165496066677459641e+00 9.844169071891352152e-01 9.038949761364276636e-01 1.126146059593925663e+00 9.279517876938945253e-01 1.087789355681841874e+00 1.014329512481425333e+00 9.998996012367384889e-01
9.979461825092045268e-01 8.948273701753246545e-01 9.970990753398004669e-01 1.108592964962960226e+00 9.706928659861098208e-01 1.059057180127461306e+00 9.925019095143158276e-01 1.099789115221295965e+00 1.049856643832711933e+00 8.039353151196280134e-01 9.936156799182757071e-01
9.938979929765939803e-01 6.938225481743420797e-01 9.780275358632127825e-01 8.987861622034489795e-01 1.240127843134534835e+00 9.502758556705666049e-01 1.045664091233479809e+00 9.965744085924164164e-01 1.076502187654793108e+00 9.200767898542910883e-01 1.010955331626031128e+00
9.882232129484921357e-01 8.831548981509584895e-01 1.002511224507099730e+00 1.092093715049469838e+00 9.690055400124719664e-01 1.160244671592764787e+00 1.029382942823160896e+00 9.825188996847773470e-01 8.923216032238787676e-01 1.098846432778885385e+00 9.806026942451409045e-01
1.004564385249311798e+00 1.053958504827855913e+00 1.015070727628517577e+00 8.649388190033379109e-01 8.268179929227481573e-01 9.802520810988311073e-01 7.619441532070707623e-01 7.947138491561395179e-01 1.168349098088250271e+00 1.198435997076271686e+00 9.951594491673659837e-01
1.012628339524504817e+00 1.098655985732448492e+00 1.012672667734436427e+00 9.155157848111377117e-01 8.131479228378449831e-01 1.129718115978713300e+00 8.573674064214887869e-01 1.054771653022179345e+00 7.155057718656727683e-01 1.043226508140898012e+00 9.784321634673931456e-01
1.011168414211031985e+00 1.110538298610811880e+00 1.014671924002951142e+00 8.129325147170050059e-01 9.837445359611272089e-01 1.080699478976842265e+00 8.825460171261242381e-01 9.398078894508410386e-01 1.054078290972672916e+00 1.038272530516940462e+00 9.776208501056309341e-01
9.967517877657311454e-01 9.111862376504079597e-01 9.851670187414286461e-01 1.060834408248260363e+00 7.582691348494328132e-01 8.478822798922581727e-01 1.013852686448917906e+00 1.099140029732596613e+00 1.104252645922672693e+00 9.387456093116032241e-01 1.009947186626469984e+00
9.899908155269605547e-01 9.704527750278798548e-01 9.912976453255731846e-01 9.393798969402764598e-01 1.373103894200530029e+00 9.274156504509527554e-01 9.284969712054934599e-01 1.076303416250102618e+00 8.650661712483447285e-01 1.219627250352278702e+00 1.001685804157569581e+00
9.825173522095776990e-01 9.518923067660599591e-01 1.039015246146214322e+00 1.040894596288496565e+00 1.195299741311824038e+00 1.123555898020484278e+00 9.115110297205470946e-01 9.304895522087702764e-01 1.079599207056501253e+00 9.538791065462566277e-01 9.970500870069509691e-01
1.001074628980630488e+00 8.711435220859310435e-01 1.057260829499254706e+00 1.117125631240485362e+00 9.773656456207556742e-01 9.975554342654310291e-01 9.801824006467307893e-01 1.024921001385773467e+00 6.628011255471908392e-01 1.300891553385062016e+00 1.007710135134364471e+00
9.836074973218330575e-01 8.668144303760916269e-01 1.108518611682293820e+00 9.380109897714657974e-01 6.926722840467942621e-01 9.299545981634405045e-01 1.081564367792350767e+00 1.018573103602034458e+00 1.081298047655865346e+00 1.181855177602231244e+00 1.005845336105592347e+00
9.878981169529464923e-01 8.681729082158340383e-01 9.390520374234817558e-01 1.184693945846429841e+00 1.153352813324440618e+00 1.209763845087317602e+00 8.667584584220855426e-01 9.174226745120287463e-01 8.362072316194804067e-01 9.868346472205307141e-01 1.000548313585220006e+00
1.005374173990831954e+00 1.172326201931386258e+00 1.011499651787729270e+00 1.010384320325551366e+00 1.303802489678723919e+00 1.043386873810389748e+00 1.169537455152813932e+00 1.091507081898316356e+00 7.020047960042367086e-01 1.184855346067864135e+00 1.006093920699691058e+00
9.976870014896229710e-01 1.052039511286780860e+00 9.835601461239438237e-01 8.983629205721912481e-01 1.284682314189547592e+00 1.077369849123174017e+00 1.000929016270760696e+00 8.295335291533990629e-01 1.050718940931995027e+00 9.765716121132907990e-01 9.920071499555106476e-01
1.006011609672679663e+00 1.012914033613008469e+00 1.075362645115888860e+00 9.812488464507769237e-01 1.450386993102000366e+00 1.095888612723936228e+00 9.744717878449490334e-01 9.684001580905292617e-01 1.166658276891659796e+00 7.366017166289635654e-01 1.001705806546479893e+00
1.005678067430759270e+00 8.208081509536930831e-01 1.107789125225431937e+00 8.666856841049740412e-01 1.171533981512906220e+00 9.077034176744598337e-01 1.020685673359377432e+00 9.572340304364196362e-01 1.151855629836419537e+00 1.328712012079814597e+00 1.008151835868005941e+00
9.991405466001000990e-01 1.084611384545532964e+00 9.251664058549313729e-01 1.066169450205544544e+00 1.327253759134265243e+00 1.066227610208190457e+00 8.887758906032006134e-01 8.471852320787467416e-01 9.394951249039593666e-01 1.009282085624416236e+00 9.876893400098768483e-01
1.001013096752043197e+00 9.268138007232006315e-01 9.680313152540633848e-01 8.924970668870381152e-01 1.107772210793260381e+00 1.072409513006471027e+00 1.045188426294148876e+00 9.765782650040606416e-01 1.063177544092848370e+00 1.020116317143239471e+00 9.845248474233894154e-01
9.875736211493304495e-01 1.254783599027356145e+00 1.048382042345674670e+00 1.020384912194147509e+00 1.348994192690467386e+00 7.772605337716412821e-01 1.127235460283363855e+00 1.102971191409644502e+00 1.299483277472081921e+00 9.863457571515795719e-01 1.000456271029414257e+00
9.846300631144547788e-01 1.076087511591852452e+00 9.047149373362692870e-01 9.456372530385130926e-01 1.182637075386367087e+00 9.234766222239190192e-01 1.043719353700418129e+00 8.713345841010652348e-01 1.007519234325247481e+00 8.603038917571189659e-01 9.998906078385330076e-01
1.007424776374945097e+00 7.923902465344432322e-01 9.282270757759244484e-01 9.592169587093372085e-01 1.290116913786051978e+00 1.059995529016926952e+00 1.109914272717841710e+00 1.128144438171808650e+00 8.602814274889520885e-01 8.249538198439848591e-01 1.010400926488130180e+00
9.987490560291656383e-01 6.717494184844180483e-01 9.955172550761076655e-01 9.196988920131834444e-01 1.058363025568606730e+00 9.204914477770451686e-01 1.027030470721596256e+00 9.515067359242384004e-01 1.196194010890575532e+00 7.887833910543486926e-01 9.969133293397294260e-01
9.995095740386775729e-01 9.852037312796324553e-01 9.774547882029045454e-01 9.638351474489913473e-01 1.138865990761620317e+00 9.908951499086238179e-01 1.005350124928189315e+00 9.395195740943055318e-01 6.338883520024628515e-01 1.098188498123624735e+00 1.000753344303909831e+00
9.867865210585656799e-01 9.636131827639453640e-01 1.072636429089492527e+00 9.160996007379303974e-01 1.158764312150600828e+00 9.347603549626869457e-01 1.007706782019558212e+00 9.451124016148733098e-01 1.402906004239542037e+00 9.696570242369811909e-01 1.002220790435955466e+00
1.005130216347438044e+00 1.083701023643057981e+00 9.577852065538360327e-01 1.128173283592003751e+00 1.480332833042307339e+00 9.742478495152308016e-01 1.032345707522400069e+00 1.153817171038064027e+00 1.085194329143588599e+00 7.875009077064026863e-01 1.017263530670968086e+00
1.001784423675001090e+00 1.063938114238162758e+00 9.354083242822192057e-01 9.440606311659045513e-01 1.034737689819691830e+00 9.650579984039615589e-01 1.002760637719608328e+00 1.176782228097839722e+00 6.184163944540226332e-01 1.083707695348882671e+00 9.902644612278742597e-01
9.946223261310255248e-01 1.088225269814045992e+00 1.019582511006269954e+00 1.104383728818329802e+00 8.793763951838642345e-01 7.251960715941117019e-01 1.059452420299781483e+00 1.072620267398133542e+00 1.311736874997775804e+00 8.822774662060410833e-01 9.976802565765883202e-01
1.012844114492901682e+00 8.488503426115809880e-01 1.020155753750725092e+00 1.021516443122110651e+00 1.039409355311287531e+00 7.591906679960476190e-01 9.222602494691747310e-01 1.004698308770479720e+00 1.304116846205541469e+00 1.050304632779418768e+00 9.986518417069405462e-01
9.974157102564691346e-01 9.557991307224512623e-01 1.013731269551828573e+00 9.325275981829539429e-01 8.722397408218030002e-01 1.094533761491591983e+00 9.713522474038779331e-01 8.632283104447084909e-01 1.201460543260212344e+00 8.790979453648345432e-01 9.987643340631907618e-01
9.877850580204642350e-01 9.809873907281528860e-01 9.843278819558333170e-01 1.121330140354880545e+00 1.172276671027840056e+00 1.105517113401085272e+00 1.055662226124772785e+00 1.035904755324333015e+00 8.287281604655899470e-01 8.403092455139505867e-01 1.010303750346436491e+00
1.008777991930184914e+00 9.723668159163749714e-01 1.027006082291953559e+00 8.768815581434463713e-01 1.013576889088761090e+00 1.123242150831218478e+00 9.608373361510533783e-01 9.994205450167271687e-01 8.006034087351909800e-01 1.113890308080036640e+00 1.008088941552983453e+00
1.007059087735377334e+00 8.868305037019130754e-01 9.727662147484371635e-01 9.375683855422513036e-01 1.017374373684051925e+00 9.948769199370146588e-01 9.592739676549371097e-01 9.558199064737016304e-01 5.893850764084995753e-01 9.857997886008572630e-01 1.014738138309795312e+00
1.015952649393531582e+00 9.352688385201416432e-01 9.885415540243941424e-01 9.488994295221477859e-01 1.099453936702713186e+00 1.191311751134541463e+00 8.850547878261145751e-01 8.974280211167262600e-01 9.830484347638526188e-01 9.819342751409342318e-01 9.961845746008325397e-01
1.011103016090367790e+00 1.223300216811124219e+00 9.752067736535517950e-01 1.126559296992134529e+00 1.204917655537958820e+00 1.030262754412232917e+00 1.075834830558559219e+00 9.422884530680324389e-01 1.132664529841964196e+00 1.289219976287983904e+00 9.918089982160674944e-01
9.782335894557553369e-01 8.847158967643791172e-01 9.533379264066444980e-01 1.008316725031032535e+00 1.212316616339130348e+00 8.201550453603839719e-01 8.480827135152437801e-01 1.048104983571216842e+00 1.120109560550670791e+00 8.080682387020226010e-01 1.006133442568860614e+00
9.821042128984476260e-01 9.055582547349020350e-01 9.481972985248534602e-01 1.096336180978504826e+00 1.219766235031553681e+00 9.027149436014509920e-01 8.642142087479391943e-01 1.110203167601375274e+00 8.059516115306605277e-01 1.053267550869258384e+00 9.919342679685205777e-01
1.001252971863843655e+00 8.539987852262880264e-01 9.431735026513493603e-01 1.000969520353243158e+00 1.225331184631771375e+00 1.138159293259979776e+00 1.094731427502336985e+00 8.766153806149750150e-01 8.137920917310071944e-01 9.151755836314595660e-01 1.011477420406480698e+00
1.027073278982438609e+00 1.266079510453243850e+00 1.069294996289193556e+00 1.039938475282095043e+00 1.542762906373470244e+00 9.271382357996189594e-01 9.724829023752008528e-01 8.418499741928662239e-01 7.930882108597167024e-01 1.031842897715581353e+00 9.929800036573208644e-01
9.916133703590059856e-01 9.577164303684931879e-01 9.973760532187878614e-01 9.530250147454716325e-01 7.610150107096728123e-01 1.037266225807039310e+00 1.012223935739047231e+00 1.162070848029202574e+00 1.286090141767139539e+00 9.150628112300711603e-01 1.013534809205849596e+00
1.004470367113732276e+00 5.501577163551156779e-01 1.053356379457909497e+00 9.886408090375431446e-01 9.273291829780644369e-01 1.087648413943255177e+00 9.521922716259637598e-01 9.872205823232058641e-01 9.126985353289528424e-01 1.032643515824279490e+00 1.004453123254356761e+00
1.020506577863534270e+00 1.185268830743095636e+00 9.944143885467924271e-01 1.065161822495369615e+00 9.089168073481450616e-01 9.036049756437233293e-01 1.017532450799933708e+00 9.855284228221071752e-01 1.041502006783533441e+00 1.165472279794705912e+00 9.960276227344541100e-01
1.002119955976006560e+00 1.101187562455528512e+00 1.064163747238767055e+00 1.156177752689044658e+00 8.822630552232920698e-01 9.345223623409417701e-01 1.121082003374484382e+00 9.656525355291702972e-01 8.869650100099294443e-01 1.037621588083629476e+00 9.910261975991569994e-01
9.996824330296710803e-01 9.435148903234955586e-01 1.013478974477811878e+00 8.728744430779737939e-01 1.019408607547771961e+00 9.018368187687008097e-01 9.814279340109188787e-01 1.095088535418047071e+00 7.097468574283469778e-01 1.147770589988739598e+00 9.924546388552334397e-01
9.980462643287354441e-01 1.035330420226023396e+00 9.606055239032210702e-01 1.061137781813188186e+00 7.880056027469068969e-01 1.029946279069370529e+00 1.036871984888979137e+00 1.145230019402597721e+00 8.616947368886911374e-01 1.020512017724932496e+00 1.011598952012822350e+00
